molecule_chembl_id,canonical_smiles,standard_value,units
CHEMBL68920,Cc1cc(C)c(/C=C2\C(=O)Nc3ncnc(Nc4ccc(F)c(Cl)c4)c32)[nH]1,300.0,uM
CHEMBL69960,Cc1cc(C(=O)N2CCOCC2)[nH]c1/C=C1\C(=O)Nc2ncnc(Nc3ccc(F)c(Cl)c3)c21,400.0,uM
CHEMBL67057,Cc1cc(C(=O)N2CCOCC2)[nH]c1/C=C1\C(=O)Nc2ncnc(Nc3ccc4c(ccn4Cc4ccccc4)c3)c21,100.0,uM
CHEMBL65848,Cc1cc(C(=O)N2CCOCC2)[nH]c1/C=C1\C(=O)Nc2ncnc(Nc3ccc4c(c3)CCC4)c21,5000.0,uM
CHEMBL69629,Cc1cc(C(=O)NCCN2CCOCC2)[nH]c1/C=C1\C(=O)Nc2ncnc(Nc3ccc(F)c(Cl)c3)c21,100.0,uM
CHEMBL66570,CCN1CCN(C(=O)c2cc(C)c(/C=C3\C(=O)Nc4ncnc(Nc5ccc(F)c(Cl)c5)c43)[nH]2)CC1,100.0,uM
CHEMBL305194,Cc1cc(C(=O)O)[nH]c1/C=C1\C(=O)Nc2ncnc(Nc3ccc(F)c(Cl)c3)c21,5000.0,uM
CHEMBL67003,Cc1cc(C(=O)N2CCOCC2)[nH]c1/C=C1\C(=O)Nc2ncnc(Nc3ccc4c(cnn4Cc4ccccc4)c3)c21,100.0,uM
CHEMBL305246,Cc1cc(C(=O)N2CCN(C)CC2)[nH]c1/C=C1\C(=O)Nc2ncnc(Nc3ccc(F)c(Cl)c3)c21,200.0,uM
CHEMBL69966,C#Cc1cccc(Nc2ncnc3c2/C(=C/c2[nH]c(C(=O)NCCN4CCOCC4)cc2C)C(=O)N3)c1,40.0,uM
CHEMBL69358,CCN(CC)CCNC(=O)c1cc(C)c(/C=C2\C(=O)Nc3ncnc(Nc4ccc(F)c(Cl)c4)c32)[nH]1,200.0,uM
CHEMBL69071,Cc1cc(C(=O)N2CC(C)NC(C)C2)[nH]c1/C=C1\C(=O)Nc2ncnc(Nc3ccc(F)c(Cl)c3)c21,500.0,uM
CHEMBL264382,Cc1cc(C(=O)NCCN2CCOCC2)[nH]c1/C=C1\C(=O)Nc2ncnc(Nc3ccc4c(ccn4Cc4ccccc4)c3)c21,40.0,uM
CHEMBL939,COc1cc2ncnc(Nc3ccc(F)c(Cl)c3)c2cc1OCCCN1CCOCC1,1604.0,uM
CHEMBL95320,C#Cc1cccc(Nc2c(C#N)cnc3cc(OCCOC)c(OCCOC)cc23)c1,11750.0,uM
CHEMBL31965,C=CC(=O)Nc1cc2c(Nc3ccc(F)c(Cl)c3)ncnc2cc1OCCCN1CCOCC1,529.0,uM
CHEMBL95774,C=CC(=O)Nc1cc2c(Nc3ccc(F)c(Cl)c3)c(C#N)cnc2cc1OCCCN1CCOCC1,1692.0,uM
CHEMBL553,C#Cc1cccc(Nc2ncnc3cc(OCCOC)c(OCCOC)cc23)c1,18520.0,uM
CHEMBL99024,COc1cc2ncc(C#N)c(Nc3ccc(F)c(Cl)c3)c2cc1OCCCN1CCOCC1,14700.0,uM
CHEMBL607707,CCOc1cc2ncc(C#N)c(Nc3ccc(F)c(Cl)c3)c2cc1NC(=O)/C=C/CN(C)C,1229.0,uM
CHEMBL554,CS(=O)(=O)CCNCc1ccc(-c2ccc3ncnc(Nc4ccc(OCc5cccc(F)c5)c(Cl)c4)c3c2)o1,9.0,uM
CHEMBL460731,CS(=O)(=O)CCNCCCCOc1ccc2ncnc(Nc3ccc(F)c(Cl)c3)c2c1,1380.0,uM
CHEMBL517907,C#Cc1cccc(Nc2ncnc3ccc(OCCCCNCCS(C)(=O)=O)cc23)c1,1680.0,uM
CHEMBL493428,CS(=O)(=O)CCNCCCCOc1ccc2ncnc(Nc3ccc4c(cnn4Cc4cccc(F)c4)c3)c2c1,390.0,uM
CHEMBL160846,CS(=O)(=O)CCNc1nc(-c2ccc3ncnc(Nc4ccc(OCc5ccccc5)c(Cl)c4)c3c2)cs1,14.0,uM
CHEMBL422347,CS(=O)(=O)CCNc1nc(-c2ccc3ncnc(Nc4ccc(OCc5ccccc5)cc4)c3c2)cs1,48.0,uM
CHEMBL160303,CS(=O)(=O)CCNc1nc(-c2ccc3ncnc(Nc4ccc5c(cnn5Cc5ccccc5)c4)c3c2)cs1,28.0,uM
CHEMBL269620,CS(=O)(=O)CCNc1nc(-c2ccc3ncnc(Nc4ccc(OCc5cccc(C(F)(F)F)c5)cc4)c3c2)cs1,550.0,uM
CHEMBL155761,CS(=O)(=O)CCNc1nc(-c2ccc3ncnc(Nc4ccc(OCc5cccc(F)c5)c(Cl)c4)c3c2)cs1,14.0,uM
CHEMBL157084,CS(=O)(=O)CCNc1nc(-c2ccc3ncnc(Nc4ccc(F)c(Cl)c4)c3c2)cs1,200.0,uM
CHEMBL281872,COc1cc2c(Nc3ccc(Br)cc3F)ncnc2cc1OCCn1ccnn1,100000.0,uM
CHEMBL533849,COc1cc2c(Nc3ccc(Br)cc3F)ncnc2cc1OCC1CCN(C)CC1.Cl,20000.0,uM
CHEMBL113996,COc1cc2ncc(C#N)c(Nc3ccc(F)c(Cl)c3)c2cc1NC(=O)/C=C/CN1CCOCC1,31430.0,uM
CHEMBL325156,CCN(CC)C(C)/C=C/C(=O)Nc1cc2c(Nc3ccc(F)c(Cl)c3)c(C#N)cnc2cc1OC,9580.0,uM
CHEMBL114593,COCC#CC(=O)Nc1ccc2ncc(C#N)c(Nc3cccc(Br)c3)c2c1,300.0,uM
CHEMBL116857,COc1cc(NC(=O)/C=C/CN(C)C)cc2c(Nc3cccc(Br)c3)c(C#N)cnc12,9350.0,uM
CHEMBL326280,COCC#CC(=O)Nc1cc2c(Nc3cccc(Br)c3)c(C#N)cnc2cc1OC,380.0,uM
CHEMBL117326,C=C(CN(C)C)C(=O)Nc1cc2c(Nc3ccc(F)c(Cl)c3)c(C#N)cnc2cc1OCC,1210.0,uM
CHEMBL115440,COCCOCC#CC(=O)Nc1ccc2ncc(C#N)c(Nc3cccc(Br)c3)c2c1,450.0,uM
CHEMBL116012,CCOc1cc2ncc(C#N)c(Nc3cccc(Br)c3)c2cc1NC(=O)/C=C/CN1CCOCC1,33950.0,uM
CHEMBL30973,CN(C)C/C=C/C(=O)Nc1ccc2ncc(C#N)c(Nc3cccc(Br)c3)c2c1,4160.0,uM
CHEMBL113985,COc1cc(NC(=O)/C=C/CN2CCOCC2)cc2c(Nc3cccc(Br)c3)c(C#N)cnc12,23590.0,uM
CHEMBL327023,N#Cc1cnc2ccc(NC(=O)C#CCN3CCSCC3)cc2c1Nc1cccc(Br)c1,1040.0,uM
CHEMBL115187,CCCN(CC#CC(=O)Nc1ccc2ncc(C#N)c(Nc3cccc(Br)c3)c2c1)CCC,370.0,uM
CHEMBL283682,CC#CC(=O)Nc1ccc2ncc(C#N)c(Nc3cccc(Br)c3)c2c1,3870.0,uM
CHEMBL332497,COc1cc2ncc(C#N)c(Nc3cccc(Br)c3)c2cc1NC(=O)/C=C/CN1CCOCC1,34130.0,uM
CHEMBL421047,CN(C)C/C=C/C(=O)Nc1cc2c(Nc3ccc(F)c(Cl)c3)c(C#N)cnc2cc1OC(F)(F)F,4130.0,uM
CHEMBL113901,COc1cc2ncc(C#N)c(Nc3ccc(F)c(Cl)c3)c2cc1NC(=O)/C=C/C(C)N(C)C,11820.0,uM
CHEMBL281300,C=CC(=O)Nc1ccc2ncc(C#N)c(Nc3cccc(Br)c3)c2c1,1630.0,uM
CHEMBL157128,COCC1CCCN1CC#CC(=O)Nc1ccc2ncc(C#N)c(Nc3cccc(Br)c3)c2c1,1220.0,uM
CHEMBL116853,COc1cc2ncc(C#N)c(Nc3cccc(Br)c3)c2cc1NC(=O)C#CCN(C)C,180.0,uM
CHEMBL114728,CCOc1cc2ncc(C#N)c(Nc3cccc(Br)c3)c2cc1NC(=O)/C=C/CN(C)C,2970.0,uM
CHEMBL326811,C/C=C/C(=O)Nc1ccc2ncc(C#N)c(Nc3cccc(Br)c3)c2c1,4500.0,uM
CHEMBL114073,COc1cc2ncc(C#N)c(Nc3ccc(F)c(Cl)c3)c2cc1NC(=O)/C=C/C(C)N1CCOCC1,33950.0,uM
CHEMBL116525,CC#CC(=O)Nc1cc2c(Nc3cccc(Br)c3)c(C#N)cnc2cc1OC,2120.0,uM
CHEMBL323630,CN(C)C/C=C/C(=O)Nc1ccc2ncc(C#N)c(Nc3ccc(F)c(Cl)c3)c2c1,1950.0,uM
CHEMBL288441,COc1cc(Nc2c(C#N)cnc3cc(OCCCN4CCN(C)CC4)c(OC)cc23)c(Cl)cc1Cl,2600.0,uM
CHEMBL424252,CCN(CC)C/C=C/C(=O)Nc1cc2c(Nc3ccc(F)c(Cl)c3)c(C#N)cnc2cc1OC,7800.0,uM
CHEMBL324718,C=CC(=O)Nc1cc2c(Nc3cccc(Br)c3)c(C#N)cnc2cc1OC,4680.0,uM
CHEMBL114490,COc1cc2ncc(C#N)c(Nc3ccc(F)c(Cl)c3)c2cc1NC(=O)/C=C/CN(C)C,4490.0,uM
CHEMBL113902,C/C=C/C(=O)Nc1cc2c(Nc3ccc(F)c(Cl)c3)c(C#N)cnc2cc1OCC,21510.0,uM
CHEMBL114392,C=C(CN1CCOCC1)C(=O)Nc1ccc2ncc(C#N)c(Nc3ccc(F)c(Cl)c3)c2c1,4390.0,uM
CHEMBL113900,CC(C)N(CC#CC(=O)Nc1ccc2ncc(C#N)c(Nc3cccc(Br)c3)c2c1)C(C)C,320.0,uM
CHEMBL118000,N#Cc1cnc2ccc(NC(=O)/C=C/CN3CCOCC3)cc2c1Nc1ccc(F)c(Cl)c1,8740.0,uM
CHEMBL263788,COc1cc2ncc(C#N)c(Nc3cccc(Br)c3)c2cc1NC(=O)/C=C/CN(C)C,5660.0,uM
CHEMBL414631,COCOC#CC(=O)Nc1ccc2ncc(C#N)c(Nc3cccc(Br)c3)c2c1,380.0,uM
CHEMBL327188,COc1cc(Nc2c(C#N)cnc3cc4c(cc23)ncn4CCN2CCOCC2)c(Br)cc1Cl,1000.0,uM
CHEMBL96633,COc1cc(Nc2c(C#N)cnc3cc4c(cc23)ncn4CCN2CCOCC2)cc(OC)c1OC,1000.0,uM
CHEMBL93262,COc1cc(Nc2c(C#N)cnc3cc4[nH]c(NCCN5CCOCC5)nc4cc23)cc(OC)c1OC,1000.0,uM
CHEMBL92395,COc1ccc(Cl)c(Nc2c(C#N)cnc3cc4[nH]cnc4cc23)c1,1000.0,uM
CHEMBL96096,N#Cc1cnc2cc3[nH]cnc3cc2c1Nc1ccc(Cl)cc1Br,1000.0,uM
CHEMBL92729,COc1ccc(C)c(Nc2c(C#N)cnc3cc4c(cc23)ncn4CCN2CCOCC2)c1,1000.0,uM
CHEMBL96081,COc1cc(Nc2c(C#N)cnc3cc4[nH]cnc4cc23)c(Br)cc1Cl,1000.0,uM
CHEMBL94846,COc1cc(Nc2c(C#N)cnc3cc4[nH]cnc4cc23)cc(OC)c1OC,1000.0,uM
CHEMBL92339,COc1ccc(Cl)c(Nc2c(C#N)cnc3cc4c(cc23)ncn4CCN2CCOCC2)c1,1000.0,uM
CHEMBL330351,COc1cc(Nc2c(C#N)cnc3cc4c(cc23)ncn4CCN2CCOCC2)c(C)cc1Cl,1000.0,uM
CHEMBL330657,COc1cc(Nc2c(C#N)cnc3cc4[nH]c(CN5CCOCC5)nc4cc23)cc(OC)c1OC,1000.0,uM
CHEMBL329244,COc1ccc(C)c(Nc2c(C#N)cnc3cc4[nH]c(NCCN5CCOCC5)nc4cc23)c1,1000.0,uM
CHEMBL131577,Cc1cccc(Cl)c1NC(=O)c1cnc(NC(=O)C2CC2)s1,25000.0,uM
CHEMBL296468,CC(C)(C)c1cnc(CSc2cnc(NC(=O)C3CCNCC3)s2)o1,25000.0,uM
CHEMBL281006,Nc1cc2c(Nc3ccc4c(cnn4Cc4ccccc4)c3)ncnc2cn1,97.0,uM
CHEMBL30432,CN(C)c1cc2c(Nc3ccc4c(cnn4Cc4ccccc4)c3)ncnc2cn1,97.0,uM
CHEMBL87084,Oc1cc2cc(-c3ccncc3)cnc2cc1O,10000.0,uM
CHEMBL32464,c1ccc(Cc2nc3ccc(Nc4ncnc5ccccc45)cc3[nH]2)cc1,1300.0,uM
CHEMBL287591,c1ccc(Cn2ccc3cc(Nc4ncnc5ccccc45)ccc32)cc1,1300.0,uM
CHEMBL31615,c1ccc(Cn2cnc3cc(Nc4ncnc5ccccc45)ccc32)cc1,27000.0,uM
CHEMBL31653,Nc1cc2c(Nc3ccc4[nH]c(Cc5ccccc5)nc4c3)ncnc2cn1,1860.0,uM
CHEMBL31108,COc1cc2ncnc(Nc3ccc4c(ccn4Cc4ccccc4)c3)c2cc1OC,350.0,uM
CHEMBL416031,COc1cc2ncnc(Nc3ccc4c(cnn4Cc4ccccc4)c3)c2cc1OC,290.0,uM
CHEMBL86664,Clc1ccc2cc(-c3ccncc3)cnc2c1,10000.0,uM
CHEMBL68423,COc1cc(OC)c2cc(-c3ccncc3)cnc2c1,10000.0,uM
CHEMBL31161,COc1cc2ncnc(Nc3ccc4nn(Cc5ccccc5)cc4c3)c2cc1OC,3100.0,uM
CHEMBL31407,COc1cc2ncnc(Nc3ccc4nc(Cc5ccccc5)[nH]c4c3)c2cc1OC,1100.0,uM
CHEMBL280069,COc1cc2cc(-c3ccncc3)cnc2cc1OC,10000.0,uM
CHEMBL281881,c1ccc(Cn2cnc3ccc(Nc4ncnc5ccccc45)cc32)cc1,21000.0,uM
CHEMBL53898,N#C/C(=C\c1ccc(O)c(O)c1)C(=O)NCCCc1ccccc1,35000.0,uM
CHEMBL98934,COC1=CC(=O)C=C(/C=C2\CCCC3CCCCC23)C1=O,100000.0,uM
CHEMBL440298,N#C/C(=C\c1ccc(O)c(O)c1)C(=O)NCCCCc1ccccc1,500000.0,uM
CHEMBL56731,N#C/C(=C\c1ccc(O)c(O)c1)C(=O)Nc1ccccc1,42000.0,uM
CHEMBL56543,N#C/C(=C\c1ccc(O)c(O)c1)C(=O)NCc1ccccc1,13500.0,uM
CHEMBL430845,COC1=CC(=O)C=CC1=O,29000.0,uM
CHEMBL293749,N#C/C(=C\c1ccc(O)c(O)c1)C(=O)NCCc1ccccc1,23000.0,uM
CHEMBL319347,COC1=CC(=O)C(N[C@@H](CO)C(=O)O)=CC1=O,100000.0,uM
CHEMBL53753,CNc1cc2c(Nc3cccc(Br)c3)ncnc2cn1,52000.0,uM
CHEMBL433520,CCN(CC)CC(O)CNc1cc2c(Nc3cccc(Br)c3)ncnc2cn1,1100000.0,uM
CHEMBL162034,CN(C)CCNc1cc2c(Nc3cccc(Br)c3)ncnc2cn1,379000.0,uM
CHEMBL162622,Brc1cccc(Nc2ncnc3cnc(NCCN4CCOCC4)cc23)c1,219000.0,uM
CHEMBL14326,Nc1ncnc2c1ncn2[C@@H]1O[C@H](CO)[C@@H](O)[C@H]1S,45000.0,uM
CHEMBL85021,CC(C)c1cc(/C=C2\C(=O)Nc3ccccc32)cc(C(C)C)c1O,7000.0,uM
CHEMBL85403,Cc1cccc2c1/C(=C/c1ccc[nH]1)C(=O)N2,100000.0,uM
CHEMBL86755,O=C1Nc2ccccc2/C1=C/c1ccc[nH]1,100000.0,uM
CHEMBL86943,CCOC(=O)c1c(C)[nH]c(/C=C2\C(=O)Nc3ccccc32)c1C,100000.0,uM
CHEMBL87080,O=C1Nc2ccc(Br)cc2/C1=C/c1ccc(N2CCOCC2)cc1,10000.0,uM
CHEMBL86945,COc1ccc(/C=C2\C(=O)Nc3ccccc32)cc1C(C)(C)C,13200.0,uM
CHEMBL89363,Cc1c[nH]c(/C=C2\C(=O)Nc3ccccc32)c1CCC(=O)O,100000.0,uM
CHEMBL87208,O=C1Nc2cc(F)ccc2/C1=C/c1ccc[nH]1,100000.0,uM
CHEMBL87402,O=C1Nc2ccccc2/C1=C/c1n[nH]cc1Cl,100000.0,uM
CHEMBL86837,O=C1Nc2ccccc2/C1=C/c1ccc(Br)cc1,100000.0,uM
CHEMBL328452,CCc1ccc(/C=C2/C(=O)Nc3ccccc32)o1,100000.0,uM
CHEMBL89040,Cc1cccc2c1/C(=C/c1ccc(N3CCN(C=O)CC3)cc1)C(=O)N2,100000.0,uM
CHEMBL86432,CSc1ccc(/C=C2\C(=O)Nc3cccc(C)c32)s1,91400.0,uM
CHEMBL90277,Cc1cccc2c1/C(=C/c1ccc(N3CCOCC3)cc1)C(=O)N2,66600.0,uM
CHEMBL89723,CC(C)c1cc(/C=C2\C(=O)Nc3ccc(Cl)cc32)cc(C(C)C)c1O,8200.0,uM
CHEMBL86480,O=C1Nc2ccccc2/C1=C/c1ccc(N2CCOCC2)cc1,100000.0,uM
CHEMBL314217,O=C1Nc2ccccc2/C1=C/c1ccc(N2CCCC2)cc1,100000.0,uM
CHEMBL87746,COc1c(Br)cc(/C=C2\C(=O)Nc3ccccc32)cc1C(C)(C)C,19000.0,uM
CHEMBL313578,O=C1Nc2ccccc2/C1=C/c1ccc(O)cc1,100000.0,uM
CHEMBL314798,C/C(=C1\C(=O)Nc2ccccc21)c1ccc(N2CCCCC2)cc1,100000.0,uM
CHEMBL316008,CCOC(=O)c1c[nH]c(/C=C2\C(=O)Nc3ccccc32)c1C,100000.0,uM
CHEMBL87783,O=C1Nc2ccccc2/C1=C/c1sccc1Br,100000.0,uM
CHEMBL316268,O=C1Nc2ccccc2/C1=C/c1cc(Br)cs1,100000.0,uM
CHEMBL312826,O=C1Nc2ccccc2/C1=C\c1ccco1,100000.0,uM
CHEMBL313433,CCc1c(/C=C2\C(=O)Nc3ccccc32)[nH]c(C)c1C,100000.0,uM
CHEMBL315701,O=C1Nc2ccccc2/C1=C/c1ccc(N2CCCCC2)cc1,92600.0,uM
CHEMBL87810,COc1ccc(/C=C2\C(=O)Nc3ccccc32)cc1,100000.0,uM
CHEMBL89809,Cc1cccc2c1/C(=C/c1ccc(N(C)C)cc1)C(=O)N2,100000.0,uM
CHEMBL89646,Cn1cc(Cl)c(/C=C2\C(=O)Nc3ccccc32)n1,100000.0,uM
CHEMBL48760,CC(C)c1ccc(/C=C2/C(=O)Nc3ccccc32)cc1,16900.0,uM
CHEMBL276711,Cc1cc(C)c(/C=C2\C(=O)Nc3ccccc32)[nH]1,100000.0,uM
CHEMBL89505,CC(C)(C)c1cc(/C=C2\C(=O)Nc3ccccc32)cc(C(C)(C)C)c1O,64800.0,uM
CHEMBL86944,COc1c(Br)cc(/C=C2\C(=O)Nc3ccc(Cl)cc32)cc1C(C)(C)C,15200.0,uM
CHEMBL89721,CSc1ccc(/C=C2\C(=O)Nc3ccccc32)s1,100000.0,uM
CHEMBL86921,CN(C)c1ccc(/C=C2\C(=O)N(C)c3ccccc32)cc1,100000.0,uM
CHEMBL315546,O=CN1CCN(c2ccc(/C=C3\C(=O)Nc4ccccc43)cc2)CC1,90200.0,uM
CHEMBL88405,O=CN1CCN(c2ccc(/C=C3\C(=O)Nc4ccc(Br)cc43)cc2)CC1,50000.0,uM
CHEMBL330321,Cc1cc(C)c(/C=C2\C(=O)Nc3cccc(C)c32)[nH]1,100000.0,uM
CHEMBL328710,CN(C)c1ccc(/C=C2\C(=O)Nc3ccccc32)cc1,100000.0,uM
CHEMBL314146,CCc1ccc(/C=C2\C(=O)Nc3ccccc32)s1,100000.0,uM
CHEMBL421548,O=C1Nc2ccc(Cl)cc2/C1=C/c1ccc(N2CCOCC2)cc1,10000.0,uM
CHEMBL86326,COc1ccc(/C=C2\C(=O)Nc3ccc(Cl)cc32)cc1C(C)(C)C,16200.0,uM
CHEMBL89483,Cc1ccc2c(c1)/C(=C/c1[nH]c(C)cc1C)C(=O)N2,100000.0,uM
CHEMBL87325,O=C1Nc2ccc([N+](=O)[O-])cc2/C1=C/c1ccc[nH]1,100000.0,uM
CHEMBL316009,COC(=O)CCc1c[nH]c(/C=C2\C(=O)Nc3ccccc32)c1C,100000.0,uM
CHEMBL314021,CN1C(=O)/C(=C\c2ccc(Br)cc2)c2ccccc21,22500.0,uM
CHEMBL420411,CCc1c(C)[nH]c(/C=C2\C(=O)Nc3ccccc32)c1C,100000.0,uM
CHEMBL86631,Cn1cccc1/C=C1\C(=O)Nc2ccccc21,100000.0,uM
CHEMBL329367,CN(C)c1ccc(/C=C2\C(=O)Nc3cc(F)ccc32)cc1,100000.0,uM
CHEMBL313259,O=C1Nc2ccccc2/C1=C/c1ccc(C(=O)O)cc1,100000.0,uM
CHEMBL431025,O=C1Nc2ccc(Cl)cc2/C1=C/c1ccc[nH]1,100000.0,uM
CHEMBL316020,Cc1c[nH]c(/C=C2\C(=O)Nc3ccccc32)c1C,100000.0,uM
CHEMBL87324,Cc1cc(C)c(/C=C2\C(=O)Nc3cc(F)ccc32)[nH]1,100000.0,uM
CHEMBL89697,Cc1ccc(/C=C2/C(=O)Nc3ccccc32)o1,100000.0,uM
CHEMBL103667,Cc1ccc(-n2nc(C(C)(C)C)cc2NC(=O)Nc2ccc(OCCN3CCOCC3)c3ccccc23)cc1,20000.0,uM
CHEMBL93783,CN(C/C=C/C(=O)Nc1ccc2ncnc(Nc3cccc(Br)c3)c2c1)CCO,414.0,uM
CHEMBL92902,CN1CCC=C(C(=O)Nc2ccc3ncnc(Nc4cccc(Br)c4)c3c2)C1,5042.0,uM
CHEMBL327838,COCCOCC#CC(=O)Nc1ccc2ncnc(Nc3cccc(Br)c3)c2c1,116.0,uM
CHEMBL328704,CCN(CC)CC#CC(=O)Nc1ccc2ncnc(Nc3cccc(Br)c3)c2c1,38.0,uM
CHEMBL94066,C=C(CN1CCOCC1)C(=O)Nc1ccc2ncnc(Nc3cccc(Br)c3)c2c1,458.0,uM
CHEMBL94061,CN(C)C/C=C/C(=O)Nc1ccc2ncnc(Nc3cccc(Br)c3)c2c1,301.0,uM
CHEMBL329642,C/C=C\C(=O)Nc1ccc2ncnc(Nc3cccc(Br)c3)c2c1,21657.0,uM
CHEMBL92356,CCN1CCN(CC#CC(=O)Nc2ccc3ncnc(Nc4cccc(Br)c4)c3c2)CC1,183.0,uM
CHEMBL94062,O=C(C#CCO)Nc1ccc2ncnc(Nc3cccc(Br)c3)c2c1,16.0,uM
CHEMBL93784,COCC1CCCN1CC#CC(=O)Nc1ccc2ncnc(Nc3cccc(Br)c3)c2c1,117.0,uM
CHEMBL93537,O=C(/C=C/CN1CCSCC1)Nc1ccc2ncnc(Nc3cccc(Br)c3)c2c1,2808.0,uM
CHEMBL94123,O=C(/C=C/N1CCOCC1)Nc1ccc2ncnc(Nc3cccc(Br)c3)c2c1,4182.0,uM
CHEMBL92882,COC/C=C/C(=O)Nc1ccc2ncnc(Nc3cccc(Br)c3)c2c1,8832.0,uM
CHEMBL93386,O=C(C#CCN1CCOCC1)Nc1ccc2ncnc(Nc3cccc(Br)c3)c2c1,53.0,uM
CHEMBL92731,CCCN(C/C=C/C(=O)Nc1ccc2ncnc(Nc3cccc(Br)c3)c2c1)CCC,1428.0,uM
CHEMBL93049,COCOCC#CC(=O)Nc1ccc2ncnc(Nc3cccc(Br)c3)c2c1,122.0,uM
CHEMBL93464,C/C=C/C(=O)Nc1ccc2ncnc(Nc3cccc(Br)c3)c2c1,91325.0,uM
CHEMBL92961,CC(C)N(CC#CC(=O)Nc1ccc2ncnc(Nc3cccc(Br)c3)c2c1)C(C)C,162.0,uM
CHEMBL93754,O=C(/C=C/Cn1cccn1)Nc1ccc2ncnc(Nc3cccc(Br)c3)c2c1,15624.0,uM
CHEMBL328245,CCCN(CC#CC(=O)Nc1ccc2ncnc(Nc3cccc(Br)c3)c2c1)CCC,177.0,uM
CHEMBL91925,CCN(CC)C/C=C/C(=O)Nc1ccc2ncnc(Nc3cccc(Br)c3)c2c1,1164.0,uM
CHEMBL316127,O=C(/C=C/CN1CCOCC1)Nc1ccc2ncnc(Nc3cccc(Br)c3)c2c1,2776.0,uM
CHEMBL91748,CN(C)/C=C/C(=O)Nc1ccc2ncnc(Nc3cccc(Br)c3)c2c1,25710.0,uM
CHEMBL91009,COCC#CC(=O)Nc1ccc2ncnc(Nc3cccc(Br)c3)c2c1,33.0,uM
CHEMBL92086,C=C(C)C(=O)Nc1ccc2ncnc(Nc3cccc(Br)c3)c2c1,15238.0,uM
CHEMBL2112369,COC[C@@H]1CCCN1C/C=C\C(=O)Nc1ccc2ncnc(Nc3cccc(Br)c3)c2c1,2921.0,uM
CHEMBL90595,O=C(C#CCN1CCCCC1)Nc1ccc2ncnc(Nc3cccc(Br)c3)c2c1,73.0,uM
CHEMBL419501,COC[C@H]1CCCN1C/C=C/C(=O)Nc1ccc2ncnc(Nc3cccc(Br)c3)c2c1,733.0,uM
CHEMBL91811,CC(C)N(C)CC#CC(=O)Nc1ccc2ncnc(Nc3cccc(Br)c3)c2c1,113.0,uM
CHEMBL328977,O=C(C#CCN1CCSCC1)Nc1ccc2ncnc(Nc3cccc(Br)c3)c2c1,124.0,uM
CHEMBL94068,O=C(/C=C/CN1CCCCC1)Nc1ccc2ncnc(Nc3cccc(Br)c3)c2c1,1559.0,uM
CHEMBL285063,C=CC(=O)Nc1ccc2ncnc(Nc3cccc(Br)c3)c2c1,114.0,uM
CHEMBL329856,CN(C)CC#CC(=O)Nc1ccc2ncnc(Nc3cccc(Br)c3)c2c1,14.0,uM
CHEMBL442754,COCCN(C)C/C=C/C(=O)Nc1ccc2ncnc(Nc3cccc(Br)c3)c2c1,634.0,uM
CHEMBL94109,O=C(/C=C/CN1CCC(N2CCCCC2)CC1)Nc1ccc2ncnc(Nc3cccc(Br)c3)c2c1,1592.0,uM
CHEMBL91867,CC#CC(=O)Nc1ccc2ncnc(Nc3cccc(Br)c3)c2c1,378.0,uM
CHEMBL2112370,COC[C@@H]1CCCN1C/C=C/C(=O)Nc1ccc2ncnc(Nc3cccc(Br)c3)c2c1,1912.0,uM
CHEMBL414220,C=CCN(C)CC#CC(=O)Nc1ccc2ncnc(Nc3cccc(Br)c3)c2c1,85.0,uM
CHEMBL54471,Cc1ccc(C(=O)/C(C#N)=C/c2ccc(O)c(O)c2)cc1,10000.0,uM
CHEMBL56879,N#C/C(=C\c1ccc(O)c(O)c1)C(=O)c1ccc([N+](=O)[O-])cc1,3000.0,uM
CHEMBL55979,CC(NC(=O)/C(C#N)=C/c1ccc(O)c(O)c1)c1ccccc1,37000.0,uM
CHEMBL56132,N#C/C(=C\c1ccc(O)c(O)c1)C(=O)c1ccccc1,18000.0,uM
CHEMBL56219,N#C/C(=C\c1ccc(O)c(O)c1)C(=O)Nc1ccccc1Cl,57000.0,uM
CHEMBL57251,COc1ccc(NC(=O)/C(C#N)=C/c2ccc(O)c(O)c2)c(OC)c1,166000.0,uM
CHEMBL296407,N#C/C(=C\c1ccc(O)c(O)c1)C(N)=O,6400.0,uM
CHEMBL56542,N#C/C(=C\c1ccc(O)c(O)c1)C(=O)N1CCc2ccccc21,4900.0,uM
CHEMBL55994,N#C/C(=C\c1ccc(O)c(O)c1)C(=O)c1cccs1,35000.0,uM
CHEMBL55993,Cc1cc(C)c(C(=O)/C(C#N)=C/c2ccc(O)c(O)c2)c(C)c1,50000.0,uM
CHEMBL55360,Cc1cccc(C)c1NC(=O)/C(C#N)=C/c1ccc(O)c(O)c1,34000.0,uM
CHEMBL56393,N#C/C(=C\c1ccc(O)c(O)c1)C(=O)c1ccc(O)c(O)c1,18000.0,uM
CHEMBL59145,N#C/C(=C\c1ccc(O)c(O)c1)C(=O)c1ccccc1Cl,12000.0,uM
CHEMBL55204,N#C/C(=C\c1ccc(O)c(O)c1)C(=O)c1ccc(F)cc1,13600.0,uM
CHEMBL291986,N#C/C(=C\c1ccc(O)c(O)c1)C(=O)N1CCN(c2ccccc2)CC1,49000.0,uM
CHEMBL417941,N#C/C(=C\c1ccc(O)c(O)c1)C(=O)NC1CCCCC1,17000.0,uM
CHEMBL281957,CCN(CC)C/C=C/c1nc(O)c2c(ccc3nc(Nc4c(Cl)cccc4Cl)n(C)c32)c1C,10000.0,uM
CHEMBL56319,CCOC(=O)C(Cc1ccccc1)NC(=O)/C(C#N)=C/c1ccc(O)c(O)c1,333000.0,uM
CHEMBL3142195,CC(C)O[C@@H]1[C@H](OC(C)C)[C@@H](COC(=O)CCCC(=O)Oc2ccc(/C=C/[N+](=O)[O-])cc2)O[C@H]1n1cnc2c(N)ncnc21,4500.0,uM
CHEMBL65376,O=C(CCCC(=O)Oc1ccc(/C=C/[N+](=O)[O-])cc1)OCc1ccco1,3800.0,uM
CHEMBL63559,COc1ccc(OC(=O)CCCC(=O)Oc2ccc(/C=C/[N+](=O)[O-])cc2)cc1,6600.0,uM
CHEMBL304442,O=C(CCCC(=O)Oc1ccc(/C=C/[N+](=O)[O-])cc1)Oc1ccccc1,4400.0,uM
CHEMBL179164,CCOc1cc2ncc(C#N)c(Nc3ccc4c(ccn4S(=O)(=O)c4ccccc4)c3)c2cc1NC(=O)/C=C/CN(C)C,25.0,uM
CHEMBL178654,CCOc1cc2ncc(C#N)c(Nc3ccc(OCc4cccc(F)c4)c(Cl)c3)c2cc1NC(=O)/C=C/CN(C)C,33.0,uM
CHEMBL179726,COc1cc2ncc(C#N)c(Nc3ccc(OCc4ccccc4)c(Cl)c3)c2cc1NC(=O)/C=C/CN(C)C,39.0,uM
CHEMBL424959,COc1cc2ncc(C#N)c(Nc3ccc(OCc4ccccc4)cc3)c2cc1NC(=O)/C=C/CN(C)C,363.0,uM
CHEMBL360028,CCOc1cc2ncc(C#N)c(Nc3ccc(OCc4ccc(F)cc4F)c(Cl)c3)c2cc1NC(=O)/C=C/CN(C)C,81.0,uM
CHEMBL179363,CCOc1cc2ncc(C#N)c(Nc3ccc(OCc4cccc(Cl)c4)c(Cl)c3)c2cc1NC(=O)/C=C/CN(C)C,8.0,uM
CHEMBL362232,CCOc1cc2ncc(C#N)c(Nc3ccc(OCc4ccccc4OC)c(Cl)c3)c2cc1NC(=O)/C=C/CN(C)C,44.0,uM
CHEMBL362233,CCOc1cc2ncc(C#N)c(Nc3ccc(OCc4ccc(OCc5ccccc5)cc4)c(Cl)c3)c2cc1NC(=O)/C=C/CN(C)C,3775.0,uM
CHEMBL426051,CCOc1cc2ncc(C#N)c(Nc3ccc(OCc4cccs4)c(Cl)c3)c2cc1NC(=O)/C=C/CN(C)C,131.0,uM
CHEMBL179274,CCOc1cc2ncc(C#N)c(Nc3ccc(O[C@@H]4CCc5ccccc54)c(Cl)c3)c2cc1NC(=O)/C=C/CN(C)C,2100.0,uM
CHEMBL360754,CCOc1cc2ncc(C#N)c(Nc3ccc(O[C@H]4CCc5ccccc54)c(Cl)c3)c2cc1NC(=O)/C=C/CN(C)C,9800.0,uM
CHEMBL427314,CCOc1cc2ncc(C#N)c(Nc3cccc(OCc4ccccc4)c3)c2cc1NC(=O)/C=C/CN(C)C,13200.0,uM
CHEMBL175552,CCOc1cc2ncc(C#N)c(Nc3ccc(N(C)Cc4ccccc4)c(Cl)c3)c2cc1NC(=O)/C=C/CN(C)C,2100.0,uM
CHEMBL369299,CCOc1cc2ncc(C#N)c(Nc3ccc(OCc4ccccc4)cc3)c2cc1NC(=O)/C=C/CN(C)C,498.0,uM
CHEMBL178199,CCOc1cc2ncc(C#N)c(Nc3ccc(OCCc4ccccc4)c(Cl)c3)c2cc1NC(=O)/C=C/CN(C)C,281.0,uM
CHEMBL360780,CCOc1cc2ncc(C#N)c(Nc3cc(Cl)c(OCc4ccccc4)c(Cl)c3)c2cc1NC(=O)/C=C/CN(C)C,406.0,uM
CHEMBL440935,CCOc1cc2ncc(C#N)c(Nc3ccc(OCc4ccccc4)c(C#N)c3)c2cc1NC(=O)/C=C/CN(C)C,1134.0,uM
CHEMBL179923,CCOc1cc2ncc(C#N)c(Nc3ccc(OCc4ccccc4F)c(Cl)c3)c2cc1NC(=O)/C=C/CN(C)C,732.0,uM
CHEMBL180516,CCOc1cc2ncc(C#N)c(Nc3ccc(OCc4ccc(F)cc4)c(Cl)c3)c2cc1NC(=O)/C=C/CN(C)C,78.0,uM
CHEMBL362618,CCOc1cc2ncc(C#N)c(Nc3cc(Cl)c(OCc4cccc(F)c4)c(Cl)c3)c2cc1NC(=O)/C=C/CN(C)C,1331.0,uM
CHEMBL178290,CCOc1cc2ncc(C#N)c(Nc3ccc(OCc4cc(F)cc(F)c4)c(Cl)c3)c2cc1NC(=O)/C=C/CN(C)C,388.0,uM
CHEMBL180415,CCOc1cc2ncc(C#N)c(Nc3ccc(OCc4ccc(Cl)cc4)c(Cl)c3)c2cc1NC(=O)/C=C/CN(C)C,24.0,uM
CHEMBL179527,CCOc1cc2ncc(C#N)c(Nc3ccc(OCc4cccc(C#N)c4)c(Cl)c3)c2cc1NC(=O)/C=C/CN(C)C,161.0,uM
CHEMBL175726,CCCCCOc1ccc(Nc2c(C#N)cnc3cc(OCC)c(NC(=O)/C=C/CN(C)C)cc23)cc1Cl,1477.0,uM
CHEMBL179659,CCOc1cc2ncc(C#N)c(Nc3ccc(OCc4cccc(C)c4)c(Cl)c3)c2cc1NC(=O)/C=C/CN(C)C,132.0,uM
CHEMBL179123,CCOc1cc2ncc(C#N)c(Nc3ccc(OCC4CCCCC4)c(Cl)c3)c2cc1NC(=O)/C=C/CN(C)C,28.0,uM
CHEMBL180022,CCOc1cc2ncc(C#N)c(Nc3ccc(OCc4ccccn4)c(Cl)c3)c2cc1NC(=O)/C=C/CN(C)C,59.0,uM
CHEMBL179313,CCOc1cc2ncc(C#N)c(Nc3ccc(OCc4cccnc4)c(Cl)c3)c2cc1NC(=O)/C=C/CN(C)C,269.0,uM
CHEMBL176199,CCOc1cc2ncc(C#N)c(Nc3ccc(OCc4ccco4)c(Cl)c3)c2cc1NC(=O)/C=C/CN(C)C,62.0,uM
CHEMBL175513,CCOc1cc2ncc(C#N)c(Nc3ccc(OCc4nc5ccccc5s4)c(Cl)c3)c2cc1NC(=O)/C=C/CN(C)C,64.0,uM
CHEMBL175621,CCOc1cc2ncc(C#N)c(Nc3ccc(OCc4ccnc5ccccc45)c(Cl)c3)c2cc1NC(=O)/C=C/CN(C)C,1184.0,uM
CHEMBL359629,CCOc1cc2ncc(C#N)c(Nc3ccc(OCc4cccc5ccccc45)c(Cl)c3)c2cc1NC(=O)/C=C/CN(C)C,20.0,uM
CHEMBL178573,CCOc1cc2ncc(C#N)c(Nc3ccc(OCc4ccc5ccccc5c4)c(Cl)c3)c2cc1NC(=O)/C=C/CN(C)C,18.0,uM
CHEMBL360662,CCOc1cc2ncc(C#N)c(Nc3ccc(O[C@H](C)c4ccccc4)c(Cl)c3)c2cc1NC(=O)/C=C/CN(C)C,76.0,uM
CHEMBL427315,CCOc1cc2ncc(C#N)c(Nc3ccc(O[C@@H](C)c4ccccc4)c(Cl)c3)c2cc1NC(=O)/C=C/CN(C)C,26000.0,uM
CHEMBL179577,CCOc1cc2ncc(C#N)c(Nc3ccc(NCc4ccccc4)c(Cl)c3)c2cc1NC(=O)/C=C/CN(C)C,103.0,uM
CHEMBL179766,CCOc1cc2ncc(C#N)c(Nc3ccc(NCc4cccc5ccccc45)c(Cl)c3)c2cc1NC(=O)/C=C/CN(C)C,83.0,uM
CHEMBL179521,COc1cc2ncc(C#N)c(Nc3ccc(NCc4ccccc4)c(Cl)c3)c2cc1NC(=O)/C=C/CN(C)C,13000.0,uM
CHEMBL179633,COc1cc2ncc(C#N)c(Nc3ccc(NCc4cccnc4)c(Cl)c3)c2cc1NC(=O)/C=C/CN(C)C,3900.0,uM
CHEMBL178096,COc1cc2ncc(C#N)c(Nc3ccc(NCNc4ccccc4)c(Cl)c3)c2cc1NC(=O)/C=C/CN(C)C,1100.0,uM
CHEMBL178144,CCOc1cc2ncc(C#N)c(Nc3ccc(OCc4ccccc4)c(Cl)c3)c2cc1NC(=O)/C=C/CN(C)CCOC,183.0,uM
CHEMBL361343,CCOc1cc2ncc(C#N)c(Nc3ccc(OCc4ccccc4)c(Cl)c3)c2cc1NC(=O)/C=C/CN(C)CCO,27.0,uM
CHEMBL2112990,CCOc1cc2ncc(C#N)c(Nc3ccc(OCc4ccccc4)c(Cl)c3)c2cc1NC(=O)/C=C/CN(C)NC[C@H](O)[C@@H](O)[C@H](O)[C@H](O)CO,966.0,uM
CHEMBL369088,CCOc1cc2ncc(C#N)c(Nc3ccc(OCc4ccccc4)c(Cl)c3)c2cc1NC(=O)/C=C/CN(CC(C)O)CC(C)O,104.0,uM
CHEMBL178958,CCOc1cc2ncc(C#N)c(Nc3ccc(OCc4ccccc4)c(Cl)c3)c2cc1NC(=O)/C=C/CN1CCCC1COC,171.0,uM
CHEMBL360958,CCOc1cc2ncc(C#N)c(Nc3ccc(OCc4ccccc4)c(Cl)c3)c2cc1NC(=O)/C=C/CN1CCCCC1,25.0,uM
CHEMBL362611,CCOc1cc2ncc(C#N)c(Nc3ccc(OCc4ccccc4)c(Cl)c3)c2cc1NC(=O)/C=C/CN1CCC(O)CC1,169.0,uM
CHEMBL362824,CCOc1cc2ncc(C#N)c(Nc3ccc(OCc4ccccc4)c(Cl)c3)c2cc1NC(=O)/C=C/CN1CCC(O)(O)CC1,58.0,uM
CHEMBL153763,CCOc1cc2ncc(C#N)c(Nc3ccc(OCc4ccccc4)c(Cl)c3)c2cc1NC(=O)/C=C/CN1C(C)CCCC1C,412.0,uM
CHEMBL175556,CCOc1cc2ncc(C#N)c(Nc3ccc(OCc4ccccc4)c(Cl)c3)c2cc1NC(=O)/C=C/CN1CCOCC1,59.0,uM
CHEMBL175557,CCOc1cc2ncc(C#N)c(Nc3ccc(OCc4ccccc4)c(Cl)c3)c2cc1NC(=O)/C=C/CN1CCSCC1,29.0,uM
CHEMBL360933,CCOc1cc2ncc(C#N)c(Nc3ccc(OCc4ccccc4)c(Cl)c3)c2cc1NC(=O)/C=C/CN1CCN(C)CC1,540.0,uM
CHEMBL368702,CCOc1cc2ncc(C#N)c(Nc3ccc(OCc4ccccc4)c(Cl)c3)c2cc1NC(=O)/C=C/CN1CCC1,40.0,uM
CHEMBL359660,CCOc1cc2ncc(C#N)c(Nc3ccc(OCc4ccccc4)c(Cl)c3)c2cc1NC(=O)/C=C/CN1CC1C(=O)OC,196.0,uM
CHEMBL360211,CCOc1cc2ncc(C#N)c(Nc3ccc(OCc4ccccc4)c(Cl)c3)c2cc1NC(=O)/C=C/CN1CCOCCOCCOCC1,603.0,uM
CHEMBL178312,CCOc1cc2ncc(C#N)c(Nc3ccc(OCc4ccccc4)c(Cl)c3)c2cc1NC(=O)/C=C/CN1CCCC1,59.0,uM
CHEMBL359630,CCOc1cc2ncc(C#N)c(Nc3ccc(OCc4ccccc4)c(Cl)c3)c2cc1NC(=O)/C=C/Cc1c[nH]cn1,69.0,uM
CHEMBL367792,CCOc1cc2ncc(C#N)c(Nc3ccc(OCc4ccccc4)c(Cl)c3)c2cc1NC(=O)/C=C/c1cccc2cccnc12,1134.0,uM
CHEMBL359705,CCOc1cc2ncc(C#N)c(Nc3ccc(OCc4ccccc4)c(Cl)c3)c2cc1NC(=O)/C=C/c1ccccc1N(C)C,1391.0,uM
CHEMBL368234,CCOc1cc2ncc(C#N)c(Nc3ccc(OCc4ccccc4)c(Cl)c3)c2cc1NC(=O)/C=C/c1cn(C)cn1,227.0,uM
CHEMBL179969,C=CS(=O)(=O)Nc1cc2c(Nc3ccc(OCc4ccccc4)c(Cl)c3)c(C#N)cnc2cc1OCC,61.0,uM
CHEMBL175492,C=C(CN(C)C)C(=O)Nc1cc2c(Nc3ccc(OCc4ccccc4)c(Cl)c3)c(C#N)cnc2cc1OCC,246.0,uM
CHEMBL179607,C=C(CN1CCOCC1)C(=O)Nc1cc2c(Nc3ccc(OCc4ccccc4)c(Cl)c3)c(C#N)cnc2cc1OCC,89.0,uM
CHEMBL367754,C=C(CNc1cc2c(Nc3ccc(OCc4ccccc4)c(Cl)c3)c(C#N)cnc2cc1OCC)C(=O)O,3781.0,uM
CHEMBL360519,CCOc1cc2ncc(C#N)c(Nc3ccc(OCc4ccccc4Cl)c(Cl)c3)c2cc1NC(=O)/C=C/CN(C)C,10.0,uM
CHEMBL179052,CCOc1cc2ncc(C#N)c(Nc3ccc(OCc4ccccc4)c(Cl)c3)c2cc1NC(=O)/C=C/CN(C(C)C)C(C)C,28.0,uM
CHEMBL179458,COc1cc2ncc(C#N)c(Nc3ccc(-n4ccnc4)c(Cl)c3)c2cc1NC(=O)/C=C/CN(C)C,800.0,uM
CHEMBL178265,CCOc1cc2ncc(C#N)c(Nc3ccc(Oc4ccncc4)c(Cl)c3)c2cc1NC(=O)/C=C/CN(C)C,8100.0,uM
CHEMBL180175,COc1cc2ncc(C#N)c(Nc3ccc(Sc4nccn4C)c(Cl)c3)c2cc1NC(=O)/C=C/CN(C)C,155.0,uM
CHEMBL179572,COc1cc2ncc(C#N)c(Nc3ccc(Sc4nccs4)c(Cl)c3)c2cc1NC(=O)/C=C/CN(C)C,83.0,uM
CHEMBL179074,CCOc1cc2ncc(C#N)c(Nc3ccc(Cn4ccnc4)c(Cl)c3)c2cc1NC(=O)/C=C/CN(C)C,1055.0,uM
CHEMBL178922,CCOc1cc2ncc(C#N)c(Nc3ccc(N4CCOCC4)c(Cl)c3)c2cc1NC(=O)/C=C/CN(C)C,2600.0,uM
CHEMBL434720,CCOc1cc2ncc(C#N)c(Nc3ccc(OCc4ccccc4)c(Cl)c3)c2cc1NC(=O)/C=C/CN(C)C,76.0,uM
CHEMBL175933,COc1cc2ncc(C#N)c(Nc3ccc(Sc4ncccn4)c(Cl)c3)c2cc1NC(=O)/C=C/CN(C)C,348.0,uM
CHEMBL175558,COc1cc2ncc(C#N)c(Nc3ccc(Sc4ncc(-c5ccccc5)s4)c(Cl)c3)c2cc1NC(=O)/C=C/CN(C)C,1007.0,uM
CHEMBL367492,CCOc1cc2ncc(C#N)c(Nc3ccc(Sc4nc(-c5ccccc5)cs4)c(Cl)c3)c2cc1NC(=O)/C=C/CN(C)C,13.0,uM
CHEMBL360979,COc1cc2ncc(C#N)c(Nc3ccc(Cc4nc(-c5ccccc5)cs4)c(Cl)c3)c2cc1NC(=O)/C=C/CN(C)C,74.0,uM
CHEMBL175840,CCOc1cc2ncc(C#N)c(Nc3ccc(OCc4nccn4C)c(Cl)c3)c2cc1NC(=O)/C=C/CN(C)C,625.0,uM
CHEMBL180018,CCOc1cc2ncc(C#N)c(Nc3ccc(Oc4ccccc4)c(Cl)c3)c2cc1NC(=O)/C=C/CN(C)C,184.0,uM
CHEMBL179652,CCOc1cc2ncc(C#N)c(Nc3ccc4c(ccn4Cc4ccccc4)c3)c2cc1NC(=O)/C=C/CN(C)C,15.0,uM
CHEMBL180227,COc1cc2ncc(C#N)c(Nc3ccc4c(cnn4Cc4ccccc4)c3)c2cc1NC(=O)/C=C/CN(C)C,75.0,uM
CHEMBL179310,CCOc1cc2ncc(C#N)c(Nc3ccc4c(c3)CCN4Cc3ccccc3)c2cc1NC(=O)/C=C/CN(C)C,230.0,uM
CHEMBL181275,Fc1ccc(Nc2ncnc3nn4ccccc4c23)cc1Cl,10000.0,uM
CHEMBL182254,Fc1cccc(COc2ccc(Nc3ncnc4nn5ccccc5c34)cc2Cl)c1,63.0,uM
CHEMBL181742,Clc1cc(Nc2ncnc3nn4ccccc4c23)ccc1OCc1ccccc1,200.0,uM
CHEMBL368891,Nc1ncnc2nn3ccccc3c12,10000.0,uM
CHEMBL361322,c1ccc(Cc2nc3cc(Nc4ncnc5nn6ccccc6c45)ccc3[nH]2)cc1,1580.0,uM
CHEMBL364623,Cc1cc(Nc2ncc(C(=O)Nc3c(C)cccc3Cl)s2)nc(C)n1,5200.0,uM
CHEMBL195218,CONC(=O)c1cc(Nc2ncnn3cc(NC(=O)OCCCS(C)(=O)=O)c(C(C)C)c23)c(F)cc1F,5300.0,uM
CHEMBL370266,CONC(=O)c1cc(Nc2ncnn3cc(NC(=O)OCC4CCCO4)c(C(C)C)c23)c(F)cc1F,10000.0,uM
CHEMBL365318,CONC(=O)c1cc(Nc2ncnn3cc(-c4nnc(C)o4)c(C(C)C)c23)c(F)cc1F,8000.0,uM
CHEMBL194498,CONC(=O)c1cc(Nc2ncnn3cc(-c4nnc(C(F)F)o4)c(C(C)C)c23)c(F)cc1F,10000.0,uM
CHEMBL195903,CONC(=O)c1cc(Nc2ncnn3cc(-c4nnc(C(F)(F)S(C)(=O)=O)o4)c(C(C)C)c23)c(F)cc1F,25000.0,uM
CHEMBL193456,CN(C)S(=O)(=O)c1ccc(Nc2ccc(C(=O)c3c(F)cccc3F)c(N)n2)cc1,100000.0,uM
CHEMBL193643,Nc1nc(Nc2ccc(S(N)(=O)=O)cc2)ccc1C(=O)c1c(F)cccc1F,100000.0,uM
CHEMBL2113092,CCCCOc1cc(Nc2ccc(S(N)(=O)=O)cc2)nc(N)c1C(=O)c1c(F)cccc1F,100000.0,uM
CHEMBL196018,CCOC(=O)c1cn2ncnc(Nc3ccc(F)c(Cl)c3)c2c1CC,2800.0,uM
CHEMBL370934,CCOC(=O)c1cn2ncnc(Nc3cccc(Br)c3)c2c1CC,3000.0,uM
CHEMBL372112,CCOC(=O)c1cn2ncnc(Nc3ccc4[nH]ncc4c3)c2c1CC,3300.0,uM
CHEMBL371863,CCOC(=O)c1cn2ncnc(NCc3ccccc3)c2c1CC,7200.0,uM
CHEMBL196925,CCOC(=O)c1cn2ncnc(Nc3ccc4c(cnn4Cc4ccccc4)c3)c2c1CC,180.0,uM
CHEMBL194349,CCOC(=O)c1cn2ncnc(Nc3ccc(Oc4ccccc4)cc3)c2c1CC,820.0,uM
CHEMBL425738,CCOC(=O)c1cc2c(Nc3ccc4c(cnn4Cc4ccccc4)c3)ncnn2c1,390.0,uM
CHEMBL196738,CCOC(=O)c1cn2ncnc(Nc3ccc4c(cnn4Cc4ccccc4)c3)c2c1C,200.0,uM
CHEMBL365606,CCOC(=O)c1cn2ncnc(Nc3ccc4c(cnn4Cc4ccccc4)c3)c2c1C(C)C,210.0,uM
CHEMBL438805,CCCc1c(C(=O)OCC)cn2ncnc(Nc3ccc4c(cnn4Cc4ccccc4)c3)c12,1200.0,uM
CHEMBL197568,CCOC(=O)c1cn2ncnc(Nc3ccc4c(cnn4Cc4ccccc4)c3)c2c1Cc1ccccc1,25000.0,uM
CHEMBL196438,CCc1c(C(=O)O)cn2ncnc(Nc3ccc4c(cnn4Cc4ccccc4)c3)c12,40.0,uM
CHEMBL194958,CCc1c(C(N)=O)cn2ncnc(Nc3ccc4c(cnn4Cc4ccccc4)c3)c12,110.0,uM
CHEMBL197689,CCc1c(C(=O)NC)cn2ncnc(Nc3ccc4c(cnn4Cc4ccccc4)c3)c12,130.0,uM
CHEMBL372293,CCc1c(C(=O)N(C)C)cn2ncnc(Nc3ccc4c(cnn4Cc4ccccc4)c3)c12,500.0,uM
CHEMBL372523,CCc1c(NC(=O)OCc2ccccc2)cn2ncnc(Nc3ccc4c(cnn4Cc4ccccc4)c3)c12,170.0,uM
CHEMBL373025,CCc1c(CO)cn2ncnc(Nc3ccc4c(cnn4Cc4ccccc4)c3)c12,730.0,uM
CHEMBL369967,CCNCc1cn2ncnc(Nc3ccc4c(cnn4Cc4ccccc4)c3)c2c1CC,9700.0,uM
CHEMBL196548,CCOCc1cn2ncnc(Nc3ccc4c(cnn4Cc4ccccc4)c3)c2c1CC,1400.0,uM
CHEMBL194160,CCc1c(CC(N)=O)cn2ncnc(Nc3ccc4c(cnn4Cc4ccccc4)c3)c12,2400.0,uM
CHEMBL372692,CCc1c(CC(=O)O)cn2ncnc(Nc3ccc4c(cnn4Cc4ccccc4)c3)c12,680.0,uM
CHEMBL193681,CCc1c(C(=O)NCCCn2ccnc2)cn2ncnc(Nc3ccc4c(cnn4Cc4ccccc4)c3)c12,30.0,uM
CHEMBL193368,CCc1c(C(=O)OCCCn2ccnc2)cn2ncnc(Nc3ccc4c(cnn4Cc4ccccc4)c3)c12,240.0,uM
CHEMBL412367,CCc1c(NC(=O)OCCn2ccnc2)cn2ncnc(Nc3ccc4c(cnn4Cc4ccccc4)c3)c12,40.0,uM
CHEMBL371888,COc1cc2ncnc(Nc3ccc(OCc4ccccn4)c(C)c3)c2cc1OC,56.0,uM
CHEMBL444619,COc1cc(ON2CCC(C)CC2)c2c(Nc3ccc(OCc4ccccn4)c(Cl)c3)ncnc2c1,5.0,uM
CHEMBL197640,CN1CCC(Oc2cccc3ncnc(Nc4ccc(OCc5cccc(F)c5)c(Cl)c4)c23)CC1,2.0,uM
CHEMBL197525,COc1ccc(Nc2ncnc3cccc(OC4CCN(C)CC4)c23)cc1Cl,1100.0,uM
CHEMBL193578,Clc1cc(Nc2ncnc3cccc(OC4CCOCC4)c23)ccc1OCc1ccccn1,24.0,uM
CHEMBL193544,CN1CCC(Oc2cccc3ncnc(Nc4ccc(OCc5ccccn5)c(Cl)c4)c23)CC1,2.0,uM
CHEMBL436511,CN1CCC(Oc2cccc3ncnc(Nc4ccc(OCc5cnccn5)c(Cl)c4)c23)CC1,2.0,uM
CHEMBL195204,CN1CCC(Oc2cccc3ncnc(Nc4ccc(OCc5cscn5)c(Cl)c4)c23)CC1,2.0,uM
CHEMBL194337,CN1CCC(Oc2cccc3ncnc(Nc4ccc(OCc5ccccn5)cc4)c23)CC1,70.0,uM
CHEMBL194389,COc1cccc2ncnc(Nc3ccc(OCc4ccccn4)c(Cl)c3)c12,24.0,uM
CHEMBL383172,Cc1ccc(C(=O)Nc2ccon2)cc1Nc1ncnc(NC2CCCC2)c1C#N,50000.0,uM
CHEMBL195029,COc1cc(Nc2c(C#N)cnc3cc4cc(OCCN5CCOCC5)c(OC)cc4cc23)c(Cl)cc1Cl,2500.0,uM
CHEMBL120077,COc1cc2c(cc1OC)-c1n[nH]c(Nc3cccc(F)c3)c1C2,10000.0,uM
CHEMBL370808,COc1ccc(C#CC(C)(C)N)cc1-c1[nH]nc2nc(Nc3ccc(F)cc3F)ncc12,5000.0,uM
CHEMBL113690,CCCCn1c(Cc2cc(OC)c(OC)c(OC)c2)nc2c(N)ncnc21,40000.0,uM
CHEMBL381115,COc1ccc(I)c(Sc2nc3c(N)ncnc3n2CCNCC(C)(C)C)c1,90.0,uM
CHEMBL201871,COc1ccc(I)c(Sc2nc3c(N)ncnc3n2CCNCC(C)C)c1,100.0,uM
CHEMBL199532,COc1ccc(I)c(Sc2nc3c(N)ncnc3n2CCCNC(C)(C)C)c1,140.0,uM
CHEMBL381521,COc1ccc(I)c(Sc2nc3c(N)ncnc3n2CCCNC(C)C)c1,180.0,uM
CHEMBL381376,CCC(C)NCCCn1c(Sc2cc(OC)ccc2I)nc2c(N)ncnc21,210.0,uM
CHEMBL201162,CCC(CC)NCCCn1c(Sc2cc(OC)ccc2I)nc2c(N)ncnc21,210.0,uM
CHEMBL193282,C#CCCCn1c(Sc2cc(OC)c(OC)c(OC)c2Cl)nc2c(N)nc(F)nc21,1700.0,uM
CHEMBL201684,C#CCCCn1c(Sc2cc(OC)ccc2I)nc2c(N)nc(F)nc21,360.0,uM
CHEMBL379892,COc1ccc(I)c(Sc2nc3c(N)ncnc3n2CCC=C(C)C)c1,370.0,uM
CHEMBL191635,C#CCCCn1c(Sc2cc(OC)ccc2I)nc2c(N)ncnc21,280.0,uM
CHEMBL382125,CCCCn1c(Sc2cc(OC)ccc2OC)nc2c(N)ncnc21,3500.0,uM
CHEMBL425578,CCCCn1c(Cc2cc(OC)ccc2I)nc2c(N)ncnc21,5000.0,uM
CHEMBL201772,CCCCn1c(Cc2cc(OC)ccc2Br)nc2c(N)ncnc21,8000.0,uM
CHEMBL199865,CCCCn1c(Cc2cc(OC)ccc2Cl)nc2c(N)ncnc21,20000.0,uM
CHEMBL113194,CCCCn1c(Cc2cc(OC)ccc2OC)nc2c(N)ncnc21,12000.0,uM
CHEMBL206029,CS(=O)(=O)CCNC(=O)NCc1cccc(C#Cc2cncnc2Nc2ccc(OCc3cccc(F)c3)c(Cl)c2)n1,9.0,uM
CHEMBL380078,CNC(=O)NCc1cccc(C#Cc2cncnc2Nc2ccc(OCc3cccc(F)c3)c(Cl)c2)n1,69.0,uM
CHEMBL206003,NCc1cccc(C#Cc2cncnc2Nc2ccc(OCc3cccc(F)c3)c(Cl)c2)n1,38.0,uM
CHEMBL204570,OCc1cccc(C#Cc2cncnc2Nc2ccc(OCc3cccc(F)c3)c(Cl)c2)n1,13.0,uM
CHEMBL204467,OCc1ccc(C#Cc2cncnc2Nc2ccc(OCc3cccc(F)c3)c(Cl)c2)o1,47.0,uM
CHEMBL205047,OCc1nc(C#Cc2cncnc2Nc2ccc(OCc3cccc(F)c3)c(Cl)c2)cs1,160.0,uM
CHEMBL205765,CC(=O)Nc1cccc(C#Cc2cncnc2Nc2ccc(OCc3cccc(F)c3)c(Cl)c2)n1,59.0,uM
CHEMBL381604,Nc1nccc(C#Cc2cncnc2Nc2ccc(OCc3cccc(F)c3)c(Cl)c2)n1,12.0,uM
CHEMBL205284,Fc1cccc(COc2ccc(Nc3ncncc3C#Cc3cc[nH]n3)cc2Cl)c1,66.0,uM
CHEMBL207869,Fc1cccc(COc2ccc(Nc3ncncc3C#Cc3ncccn3)cc2Cl)c1,60.0,uM
CHEMBL205045,Fc1cccc(COc2ccc(Nc3ncncc3C#Cc3ccccn3)cc2Cl)c1,55.0,uM
CHEMBL438440,Fc1cccc(COc2ccc(Nc3ncncc3C#Cc3cccnc3)cc2Cl)c1,140.0,uM
CHEMBL206782,COC(=O)CCCC(=O)Nc1cccc(C#Cc2cncnc2Nc2ccc(OCc3cccc(F)c3)c(Cl)c2)c1,29.0,uM
CHEMBL381080,CS(=O)(=O)CCC(=O)Nc1cccc(C#Cc2cncnc2Nc2ccc(OCc3cccc(F)c3)c(Cl)c2)c1,32.0,uM
CHEMBL207247,CC(=O)NCc1cccc(C#Cc2cncnc2Nc2ccc(OCc3cccc(F)c3)c(Cl)c2)c1,52.0,uM
CHEMBL207410,CNC(=O)c1cccc(C#Cc2cncnc2Nc2ccc(OCc3cccc(F)c3)c(Cl)c2)c1,32.0,uM
CHEMBL208358,CS(=O)(=O)Nc1cccc(C#Cc2cncnc2Nc2ccc(OCc3cccc(F)c3)c(Cl)c2)c1,45.0,uM
CHEMBL438075,CC(=O)Nc1ccc(C#Cc2cncnc2Nc2ccc(OCc3cccc(F)c3)c(Cl)c2)cc1,1820.0,uM
CHEMBL205798,CC(=O)Nc1cccc(C#Cc2cncnc2Nc2ccc(OCc3cccc(F)c3)c(Cl)c2)c1,13.0,uM
CHEMBL205966,Nc1ccc(C#Cc2cncnc2Nc2ccc(OCc3cccc(F)c3)c(Cl)c2)cc1,36.0,uM
CHEMBL205235,Nc1cccc(C#Cc2cncnc2Nc2ccc(OCc3cccc(F)c3)c(Cl)c2)c1,44.0,uM
CHEMBL204625,Nc1ccccc1C#Cc1cncnc1Nc1ccc(OCc2cccc(F)c2)c(Cl)c1,91.0,uM
CHEMBL379093,Fc1cccc(COc2ccc(Nc3ncncc3C#Cc3ccccc3)cc2Cl)c1,780.0,uM
CHEMBL205870,C#Cc1cncnc1Nc1ccc(OCc2cccc(F)c2)c(Cl)c1,3800.0,uM
CHEMBL205652,Fc1cccc(COc2ccc(Nc3ccncn3)cc2Cl)c1,21000.0,uM
CHEMBL336113,Cc1cccc(Nc2ncnc3ccc(N)cc23)c1,6390.0,uM
CHEMBL210893,CN(C(=O)N(CCCl)N=O)c1ccc2ncnc(Nc3cccc(Br)c3)c2c1,3060.0,uM
CHEMBL210378,CN(C(=O)N(CCCl)N=O)c1ccc2ncnc(Nc3cccc(Cl)c3)c2c1,680.0,uM
CHEMBL209818,Cc1cccc(Nc2ncnc3ccc(N(C)C(=O)N(CCCl)N=O)cc23)c1,6880.0,uM
CHEMBL210660,O=NN(CCCl)C(=O)Nc1ccc2ncnc(Nc3cccc(Br)c3)c2c1,1150.0,uM
CHEMBL210659,O=NN(CCCl)C(=O)Nc1ccc2ncnc(Nc3cccc(Cl)c3)c2c1,5400.0,uM
CHEMBL210502,Cc1cccc(Nc2ncnc3ccc(NC(=O)N(CCCl)N=O)cc23)c1,12180.0,uM
CHEMBL379047,CN(CCCl)C(=O)Nc1ccc2ncnc(Nc3cccc(Br)c3)c2c1,11080.0,uM
CHEMBL208144,CN(CCCl)C(=O)Nc1ccc2ncnc(Nc3cccc(Cl)c3)c2c1,23030.0,uM
CHEMBL208849,Cc1cccc(Nc2ncnc3ccc(NC(=O)N(C)CCCl)cc23)c1,11800.0,uM
CHEMBL207009,O=C(NCCCl)Nc1ccc2ncnc(Nc3cccc(Br)c3)c2c1,1770.0,uM
CHEMBL210444,O=C(NCCCl)Nc1ccc2ncnc(Nc3cccc(Cl)c3)c2c1,1350.0,uM
CHEMBL208240,Cc1cccc(Nc2ncnc3ccc(NC(=O)NCCCl)cc23)c1,2100.0,uM
CHEMBL50344,CNc1ccc2ncnc(Nc3cccc(Br)c3)c2c1,170.0,uM
CHEMBL209343,CNc1ccc2ncnc(Nc3cccc(Cl)c3)c2c1,890.0,uM
CHEMBL208594,CNc1ccc2ncnc(Nc3cccc(C)c3)c2c1,2070.0,uM
CHEMBL52765,Nc1ccc2ncnc(Nc3cccc(Br)c3)c2c1,670.0,uM
CHEMBL343352,Nc1ccc2ncnc(Nc3cccc(Cl)c3)c2c1,3290.0,uM
CHEMBL208433,CC1(C)CC2=Nc3ccccc3NC(c3cccc(O)c3O)C2=C(O)C1,61000.0,uM
CHEMBL209511,O=S(=O)(Nc1ccc(Cl)cc1O)c1ccccc1,31000.0,uM
CHEMBL210638,COc1cc(C2CC(c3ccccc3O)=NN2)ccc1O,18000.0,uM
CHEMBL212965,[O-][S+]1CCN(Cc2ccc(-c3ccc4ncnc(Nc5ccc(OCc6ccccc6)c(Cl)c5)c4c3)o2)CC1,23.0,uM
CHEMBL215716,[O-][S+]1CCN(Cc2ccc(-c3ccc4ncnc(Nc5ccc(OCc6ccccc6)c(F)c5)c4c3)o2)CC1,35.0,uM
CHEMBL212954,[O-][S+]1CCN(Cc2ccc(-c3ccc4ncnc(Nc5ccc(OCc6cccc(F)c6)c(Cl)c5)c4c3)o2)CC1,18.0,uM
CHEMBL377250,[O-][S+]1CCN(Cc2ccc(-c3ccc4ncnc(Nc5ccc(OCc6cccc(F)c6)c(C(F)(F)F)c5)c4c3)o2)CC1,141.0,uM
CHEMBL445572,CS(=O)(=O)CCN(Cc1ccccc1)Cc1ccc(-c2ccc3ncnc(Nc4ccc(OCc5cccc(F)c5)c(Cl)c4)c3c2)o1,141.0,uM
CHEMBL384407,CS(=O)(=O)CCN(CC#N)Cc1ccc(-c2ccc3ncnc(Nc4ccc(OCc5cccc(F)c5)c(Cl)c4)c3c2)o1,22.0,uM
CHEMBL212251,CCCN(CCS(C)(=O)=O)Cc1ccc(-c2ccc3ncnc(Nc4ccc(OCc5cccc(F)c5)c(Cl)c4)c3c2)o1,20.0,uM
CHEMBL212201,O=S(=O)(CCCCNCc1ccc(-c2ccc3ncnc(Nc4ccc(OCc5ccccc5)c(Cl)c4)c3c2)o1)c1ccccc1,38.0,uM
CHEMBL212250,O=S(=O)(CCOCc1ccc(-c2ccc3ncnc(Nc4ccc(OCc5cccc(F)c5)c(Cl)c4)c3c2)o1)c1ccccc1,28.0,uM
CHEMBL215171,CS(=O)(=O)CCOCc1ccc(-c2ccc3ncnc(Nc4ccc(OCc5cccc(F)c5)c(Cl)c4)c3c2)o1,17.0,uM
CHEMBL265367,Cn1ccnc1S(=O)(=O)CCNCc1ccc(-c2ccc3ncnc(Nc4ccc(OCc5cccc(F)c5)c(C(F)(F)F)c4)c3c2)o1,26.0,uM
CHEMBL214023,O=S(=O)(CCNCc1ccc(-c2ccc3ncnc(Nc4ccc(OCc5cccc(F)c5)c(C(F)(F)F)c4)c3c2)o1)c1ccccn1,30.0,uM
CHEMBL1794063,O=S(=O)(CCNCc1ccc(-c2ccc3ncnc(Nc4ccc(OCc5cccc(F)c5)c(Cl)c4)c3c2)o1)c1ccccc1,30.0,uM
CHEMBL214487,CC(C)S(=O)(=O)CCNCc1ccc(-c2ccc3ncnc(Nc4ccc(OCc5cccc(F)c5)c(Cl)c4)c3c2)o1,24.0,uM
CHEMBL383965,CCCS(=O)(=O)CCNCc1ccc(-c2ccc3ncnc(Nc4ccc(OCc5cccc(F)c5)c(Cl)c4)c3c2)o1,26.0,uM
CHEMBL215814,CS(=O)(=O)CCNCc1ccc(-c2ccc3ncnc(Nc4ccc(OCc5cccc(F)c5)c(C(F)(F)F)c4)c3c2)o1,220.0,uM
CHEMBL387207,CS(=O)(=O)CCNCc1ccc(-c2ccc3ncnc(Nc4ccc(OCc5ccccc5)c(C(F)(F)F)c4)c3c2)o1,200.0,uM
CHEMBL215033,COc1cc(Nc2ncnc3ccc(-c4ccc(CNCCS(C)(=O)=O)o4)cc23)ccc1OCc1cccc(F)c1,90.0,uM
CHEMBL214689,CS(=O)(=O)CCNCc1ccc(-c2ccc3ncnc(Nc4ccc(OCc5ccccc5)c(Br)c4)c3c2)o1,25.0,uM
CHEMBL380247,CS(=O)(=O)CCNCc1ccc(-c2ccc3ncnc(Nc4ccc(OCc5ccccc5)c(Cl)c4)c3c2)o1,22.0,uM
CHEMBL214419,CS(=O)(=O)CCNCc1ccc(-c2ccc3ncnc(Nc4ccc(OCc5cccc(C(F)(F)F)c5)cc4)c3c2)o1,360.0,uM
CHEMBL384711,CS(=O)(=O)CCNCc1ccc(-c2ccc3ncnc(Nc4ccc(OCc5cccc(Br)c5)cc4)c3c2)o1,100.0,uM
CHEMBL213818,CS(=O)(=O)CCNCc1ccc(-c2ccc3ncnc(Nc4ccc(OCc5cccc(F)c5)cc4)c3c2)o1,31.0,uM
CHEMBL213342,CS(=O)(=O)CCNCc1ccc(-c2ccc3ncnc(Nc4ccc(OCc5ccccc5)cc4)c3c2)o1,26.0,uM
CHEMBL140575,COc1ccc(S(=O)(=O)N2CCCCC2C(=O)NO)cc1,670.0,uM
CHEMBL427671,Cc1ccn2ncnc(Nc3ccc4c(cnn4Cc4cccc(F)c4)c3)c12,88.0,uM
CHEMBL398793,CC1CNCCN(Cc2ccn3ncnc(Nc4ccc5c(cnn5Cc5cccc(F)c5)c4)c23)C1,74.0,uM
CHEMBL392774,COC1CNCCN(Cc2ccn3ncnc(Nc4ccc5c(cnn5Cc5cccc(F)c5)c4)c23)C1,170.0,uM
CHEMBL234580,O=C1CNCCN(Cc2ccn3ncnc(Nc4ccc5c(cnn5Cc5cccc(F)c5)c4)c23)C1,39.0,uM
CHEMBL233325,O[C@H]1CNCCN(Cc2ccn3ncnc(Nc4ccc5c(cnn5Cc5cccc(F)c5)c4)c23)C1,16.0,uM
CHEMBL233324,O=C1CCN(Cc2ccn3ncnc(Nc4ccc5c(cnn5Cc5cccc(F)c5)c4)c23)CCN1,750.0,uM
CHEMBL400413,CS(=O)(=O)N1CCCN(Cc2ccn3ncnc(Nc4ccc5c(cnn5Cc5cccc(F)c5)c4)c23)CC1,120.0,uM
CHEMBL234577,CN1CCCN(Cc2ccn3ncnc(Nc4ccc5c(cnn5Cc5cccc(F)c5)c4)c23)CC1,120.0,uM
CHEMBL392273,Fc1cccc(Cn2ncc3cc(Nc4ncnn5ccc(CN6CCCNCC6)c45)ccc32)c1,27.0,uM
CHEMBL231885,CC(=O)N1CCN(Cc2ccn3ncnc(Nc4ccc5c(cnn5Cc5cccc(F)c5)c4)c23)CC1,610.0,uM
CHEMBL265629,O=C1CN(Cc2ccn3ncnc(Nc4ccc5c(cnn5Cc5cccc(F)c5)c4)c23)CCN1,200.0,uM
CHEMBL232082,CN1CCN(Cc2ccn3ncnc(Nc4ccc5c(cnn5Cc5cccc(F)c5)c4)c23)CC1,120.0,uM
CHEMBL231875,Fc1cccc(Cn2ncc3cc(Nc4ncnn5ccc(CN6CCNCC6)c45)ccc32)c1,81.0,uM
CHEMBL398388,NC(=O)C1CCN(Cc2ccn3ncnc(Nc4ccc5c(cnn5Cc5cccc(F)c5)c4)c23)CC1,310.0,uM
CHEMBL231663,COC(=O)C1CCN(Cc2ccn3ncnc(Nc4ccc5c(cnn5Cc5cccc(F)c5)c4)c23)CC1,1000.0,uM
CHEMBL234772,O=C(O)C1CCN(Cc2ccn3ncnc(Nc4ccc5c(cnn5Cc5cccc(F)c5)c4)c23)CC1,110.0,uM
CHEMBL401443,OC1CCN(Cc2ccn3ncnc(Nc4ccc5c(cnn5Cc5cccc(F)c5)c4)c23)CC1,63.0,uM
CHEMBL391675,Fc1cccc(Cn2ncc3cc(Nc4ncnn5ccc(CN6CCCC6)c45)ccc32)c1,360.0,uM
CHEMBL391521,CN(CCO)Cc1ccn2ncnc(Nc3ccc4c(cnn4Cc4cccc(F)c4)c3)c12,110.0,uM
CHEMBL391321,OCCNCc1ccn2ncnc(Nc3ccc4c(cnn4Cc4cccc(F)c4)c3)c12,47.0,uM
CHEMBL393787,O[C@@H]1CNCCN(Cc2ccn3ncnc(Nc4ccc5c(cnn5Cc5cccc(F)c5)c4)c23)C1,76.0,uM
CHEMBL241517,Nc1ncc(-c2cccc(S(N)(=O)=O)c2)c2scc(-c3ccc(F)c(Cl)c3)c12,10000.0,uM
CHEMBL241682,Nc1ncc(-c2cccc(S(N)(=O)=O)c2)c2occ(-c3ccc(NC(=O)Nc4cc(C(F)(F)F)ccc4F)cc3)c12,10000.0,uM
CHEMBL269528,N#Cc1n[nH]nc1-c1ccccc1,53500.0,uM
CHEMBL393015,N#Cc1n[nH]nc1-c1ccc(Oc2ccccc2)c(F)c1,16600.0,uM
CHEMBL428206,N#Cc1n[nH]nc1-c1ccc(Oc2ccccc2)cc1,6600.0,uM
CHEMBL238828,N#Cc1n[nH]nc1-c1ccc(Br)cc1,7900.0,uM
CHEMBL393014,N#Cc1n[nH]nc1-c1ccc(Cl)cc1,11000.0,uM
CHEMBL238617,N#Cc1n[nH]nc1-c1ccc(F)cc1,31600.0,uM
CHEMBL393013,COc1cc(-c2n[nH]nc2C#N)cc(OC)c1OC,50000.0,uM
CHEMBL238616,COc1ccc(-c2n[nH]nc2C#N)cc1OC,50000.0,uM
CHEMBL396897,COc1cccc(-c2n[nH]nc2C#N)c1OC,50000.0,uM
CHEMBL239896,COc1ccc(-c2n[nH]nc2C#N)cc1,50000.0,uM
CHEMBL239895,CC(C)c1ccc(-c2n[nH]nc2C#N)cc1,13500.0,uM
CHEMBL240093,Cc1ccc(-c2n[nH]nc2C#N)cc1,36500.0,uM
CHEMBL188304,Cc1ccn2ncnc(Nc3ccc(F)c(Cl)c3)c12,1000.0,uM
CHEMBL394463,Cc1ccn2ncnc(Nc3ccc4c(cnn4Cc4cccnc4)c3)c12,250.0,uM
CHEMBL394462,Cc1ccn2ncnc(Nc3ccc4c(cnn4Cc4ccccn4)c3)c12,310.0,uM
CHEMBL429827,Cc1ccn2ncnc(Nc3ccc4c(cnn4Cc4ccccc4)c3)c12,110.0,uM
CHEMBL247101,Cc1ccn2ncnc(Nc3ccc(OCc4cccc(F)c4)c(Cl)c3)c12,430.0,uM
CHEMBL247100,Cc1ccn2ncnc(Nc3ccc4[nH]ncc4c3)c12,1000.0,uM
CHEMBL246276,OCc1ccn2ncnc(Nc3ccc4c(cnn4Cc4cccc(F)c4)c3)c12,110.0,uM
CHEMBL395591,Fc1cccc(Cn2ncc3cc(Nc4ncnn5ccc(COCC6CNCCOC6)c45)ccc32)c1,140.0,uM
CHEMBL246492,Fc1cccc(Cn2ncc3cc(Nc4ncnn5ccc(COC[C@@H]6COCCN6)c45)ccc32)c1,590.0,uM
CHEMBL428046,Fc1cccc(Cn2ncc3cc(Nc4ncnn5ccc(COC[C@H]6CNCCO6)c45)ccc32)c1,60.0,uM
CHEMBL246284,Fc1cccc(Cn2ncc3cc(Nc4ncnn5ccc(COC[C@@H]6CNCCO6)c45)ccc32)c1,55.0,uM
CHEMBL246073,Fc1cccc(Cn2ncc3cc(Nc4ncnn5ccc(COC[C@H]6CCCNC6)c45)ccc32)c1,170.0,uM
CHEMBL246072,Fc1cccc(Cn2ncc3cc(Nc4ncnn5ccc(COCC6CCNCC6)c45)ccc32)c1,120.0,uM
CHEMBL245869,Fc1cccc(Cn2ncc3cc(Nc4ncnn5ccc(COC6CCNCC6)c45)ccc32)c1,70.0,uM
CHEMBL245868,CN(C)CCCOCc1ccn2ncnc(Nc3ccc4c(cnn4Cc4cccc(F)c4)c3)c12,560.0,uM
CHEMBL245867,NCCCCOCc1ccn2ncnc(Nc3ccc4c(cnn4Cc4cccc(F)c4)c3)c12,130.0,uM
CHEMBL245667,NCCCOCc1ccn2ncnc(Nc3ccc4c(cnn4Cc4cccc(F)c4)c3)c12,60.0,uM
CHEMBL394333,NCCOCc1ccn2ncnc(Nc3ccc4c(cnn4Cc4cccc(F)c4)c3)c12,90.0,uM
CHEMBL246694,NC(=O)COCc1ccn2ncnc(Nc3ccc4c(cnn4Cc4cccc(F)c4)c3)c12,110.0,uM
CHEMBL246491,COC(=O)COCc1ccn2ncnc(Nc3ccc4c(cnn4Cc4cccc(F)c4)c3)c12,280.0,uM
CHEMBL394057,O=C(O)COCc1ccn2ncnc(Nc3ccc4c(cnn4Cc4cccc(F)c4)c3)c12,18.0,uM
CHEMBL246489,COCCOCc1ccn2ncnc(Nc3ccc4c(cnn4Cc4cccc(F)c4)c3)c12,420.0,uM
CHEMBL394056,COCc1ccn2ncnc(Nc3ccc4c(cnn4Cc4cccc(F)c4)c3)c12,420.0,uM
CHEMBL246493,Fc1cccc(COc2ccc(Nc3ncnn4ccc(COC[C@@H]5CNCCO5)c34)cc2Cl)c1,560.0,uM
CHEMBL397122,C[C@@H](c1cccc(F)c1)n1ncc2cc(Nc3ncnn4ccc(COC[C@@H]5CNCCO5)c34)ccc21,510.0,uM
CHEMBL245278,C[C@H](c1cccc(F)c1)n1ncc2cc(Nc3ncnn4ccc(COC[C@@H]5CNCCO5)c34)ccc21,41.0,uM
CHEMBL245277,C[C@@H](c1ccccc1)n1ncc2cc(Nc3ncnn4ccc(COC[C@@H]5CNCCO5)c34)ccc21,850.0,uM
CHEMBL394495,C[C@H](c1ccccc1)n1ncc2cc(Nc3ncnn4ccc(COC[C@@H]5CNCCO5)c34)ccc21,130.0,uM
CHEMBL247127,c1cncc(Cn2ncc3cc(Nc4ncnn5ccc(COC[C@@H]6CNCCO6)c45)ccc32)c1,410.0,uM
CHEMBL396079,c1ccc(Cn2ncc3cc(Nc4ncnn5ccc(COC[C@@H]6CNCCO6)c45)ccc32)nc1,380.0,uM
CHEMBL395883,COc1cn2ncnc(Nc3ccc4c(cnn4Cc4cccc(F)c4)c3)c2c1COC[C@@H]1CNCCO1,250.0,uM
CHEMBL391437,c1ccc2c(-c3cnc4[nH]nc(-c5nc6ccccc6[nH]5)c4c3)cncc2c1,140.0,uM
CHEMBL249519,CCNCc1cncc(-c2cnc3[nH]nc(-c4nc5c(COC)cccc5[nH]4)c3c2)c1C,100000.0,uM
CHEMBL249518,COCc1cccc2[nH]c(-c3n[nH]c4ncc(-c5cncc(CN(C)C)c5)cc34)nc12,100000.0,uM
CHEMBL400568,CCCNCc1cncc(-c2cnc3[nH]nc(-c4nc5c(COC)cccc5[nH]4)c3c2)c1,10000.0,uM
CHEMBL400749,CNCc1cncc(-c2cnc3[nH]nc(-c4nc5c(COC)cccc5[nH]4)c3c2)c1,100000.0,uM
CHEMBL251740,COCc1cccc2[nH]c(-c3nn(C)c4ncc(-c5cncc6ccccc56)cc34)nc12,100000.0,uM
CHEMBL251739,CCN(CC)C(=O)c1cccc2[nH]c(-c3n[nH]c4ncc(-c5cncc6ccccc56)cc34)nc12,10000.0,uM
CHEMBL249502,CC(C)NC(=O)c1cccc2[nH]c(-c3n[nH]c4ncc(-c5cncc6ccccc56)cc34)nc12,10000.0,uM
CHEMBL249501,O=C(O)c1cccc2[nH]c(-c3n[nH]c4ncc(-c5cncc6ccccc56)cc34)nc12,100000.0,uM
CHEMBL399042,COC(=O)c1cccc2[nH]c(-c3n[nH]c4ncc(-c5cncc6ccccc56)cc34)nc12,100000.0,uM
CHEMBL249500,c1ccc2c(-c3cnc4[nH]nc(-c5nc6cc(N7CCOCC7)ccc6[nH]5)c4c3)cncc2c1,100000.0,uM
CHEMBL401064,CC(C)NCc1cccc2[nH]c(-c3n[nH]c4ncc(-c5cncc6ccccc56)cc34)nc12,100000.0,uM
CHEMBL249302,COCc1cccc2[nH]c(-c3n[nH]c4ncc(-c5cncnc5)cc34)nc12,100000.0,uM
CHEMBL249096,COCc1cccc2[nH]c(-c3n[nH]c4ncc(-c5ccncc5)cc34)nc12,100000.0,uM
CHEMBL400859,COCc1cccc2[nH]c(-c3n[nH]c4ncc(-c5cccnc5)cc34)nc12,100000.0,uM
CHEMBL249095,COCc1cccc2[nH]c(-c3n[nH]c4ncc(-c5cnc6ccccc6c5)cc34)nc12,100000.0,uM
CHEMBL249094,CC(C)OCc1cccc2[nH]c(-c3n[nH]c4ncc(-c5cncc6ccccc56)cc34)nc12,100000.0,uM
CHEMBL429478,CCNCc1cncc(-c2cnc3[nH]nc(-c4nc5cc(OC)ccc5[nH]4)c3c2)c1,4170.0,uM
CHEMBL400906,CNCc1cncc(-c2cnc3[nH]nc(-c4nc5cc(OC(F)(F)F)ccc5[nH]4)c3c2)c1,3820.0,uM
CHEMBL248713,CCNCc1cncc(-c2cnc3[nH]nc(-c4nc5cc(F)ccc5[nH]4)c3c2)c1,5120.0,uM
CHEMBL248712,CCNCc1cncc(-c2cnc3[nH]nc(-c4nc5cc(F)c(F)cc5[nH]4)c3c2)c1,3600.0,uM
CHEMBL400569,CCNCc1cncc(-c2cnc3[nH]nc(-c4nc5cc(N6CCN(C)CC6)ccc5[nH]4)c3c2)c1,1070.0,uM
CHEMBL249304,CN1CCN(c2ccc3[nH]c(-c4n[nH]c5ncc(-c6cncc7ccccc67)cc45)nc3c2)CC1,6510.0,uM
CHEMBL249303,CCN(CC)Cc1cccc2[nH]c(-c3n[nH]c4ncc(-c5cncc6ccccc56)cc34)nc12,89.0,uM
CHEMBL248891,COCc1cccc2[nH]c(-c3n[nH]c4ncc(-c5cncc6ccccc56)cc34)nc12,85.0,uM
CHEMBL248890,OCc1cccc2[nH]c(-c3n[nH]c4ncc(-c5cncc6ccccc56)cc34)nc12,240.0,uM
CHEMBL400858,Cc1cccc2[nH]c(-c3n[nH]c4ncc(-c5cncc6ccccc56)cc34)nc12,1000.0,uM
CHEMBL428225,COc1ccc2nc(-c3n[nH]cc3/C=C/c3cccnc3)[nH]c2c1,10000.0,uM
CHEMBL245376,CCNCc1cncc(/C=C/c2c[nH]nc2-c2nc(C(F)(F)F)c[nH]2)c1,100000.0,uM
CHEMBL246167,FC(F)(F)c1c[nH]c(-c2n[nH]cc2/C=C/c2cncc3ccccc23)n1,32730.0,uM
CHEMBL394466,N#Cc1c[nH]c(-c2n[nH]cc2/C=C/c2cccnc2)n1,100000.0,uM
CHEMBL246165,FC(F)(F)c1c[nH]c(-c2n[nH]cc2/C=C/c2cccnc2)n1,100000.0,uM
CHEMBL394465,CN1CCN(c2ccc3nc(-c4n[nH]cc4/C=C/c4cccnc4)[nH]c3c2)CC1,9300.0,uM
CHEMBL245967,CCNCc1cncc(/C=C/c2c[nH]nc2-c2nc3ccc(OC)cc3[nH]2)c1,3030.0,uM
CHEMBL245966,CCNC(=O)c1cncc(/C=C/c2c[nH]nc2-c2nc3ccc(OC)cc3[nH]2)c1,37000.0,uM
CHEMBL397549,COC(=O)c1cncc(/C=C/c2c[nH]nc2-c2nc3ccc(OC)cc3[nH]2)c1,100000.0,uM
CHEMBL245770,COc1cncc(/C=C/c2c[nH]nc2-c2nc3ccc(OC)cc3[nH]2)c1,12000.0,uM
CHEMBL395393,COc1ccc2nc(-c3n[nH]cc3/C=C/c3cncc(C#N)c3)[nH]c2c1,100000.0,uM
CHEMBL395392,COc1ccc2nc(-c3n[nH]cc3/C=C/c3cncc4ccccc34)[nH]c2c1,100000.0,uM
CHEMBL245574,COc1ccc2nc(-c3n[nH]cc3/C=C/c3cnccc3C)[nH]c2c1,10000.0,uM
CHEMBL248322,NC1CCN(Cc2ccn3ncnc(Nc4ccc(OCc5cccc[n+]5[O-])c(Cl)c4)c23)CC1,18.0,uM
CHEMBL248321,NC1CCN(Cc2ccn3ncnc(Nc4ccc(OCc5cnccn5)c(Cl)c4)c23)CC1,26.0,uM
CHEMBL248116,NC1CCN(Cc2ccn3ncnc(Nc4ccc(OCc5ccccn5)c(Cl)c4)c23)CC1,22.0,uM
CHEMBL248115,Cc1cncc(COc2ccc(Nc3ncnn4ccc(CN5CCC(N)CC5)c34)cc2Cl)c1,60.0,uM
CHEMBL391387,NC1CCN(Cc2ccn3ncnc(Nc4ccc(OCc5cccnc5)c(Cl)c4)c23)CC1,36.0,uM
CHEMBL248114,Cc1cncc(Cn2ncc3cc(Nc4ncnn5ccc(CN6CCC(N)CC6)c45)ccc32)c1,13.0,uM
CHEMBL247916,NC1CCN(Cc2ccn3ncnc(Nc4ccc5c(cnn5Cc5ccncc5)c4)c23)CC1,190.0,uM
CHEMBL247915,NC1CCN(Cc2ccn3ncnc(Nc4ccc5c(cnn5Cc5cccnc5)c4)c23)CC1,34.0,uM
CHEMBL247914,NC1CCN(Cc2ccn3ncnc(Nc4ccc5c(cnn5Cc5ccccn5)c4)c23)CC1,35.0,uM
CHEMBL391181,COc1cn2ncnc(Nc3ccc4c(cnn4Cc4cccc(F)c4)c3)c2c1CN1CCC(N)CC1,43.0,uM
CHEMBL247711,COc1cn2ncnc(Nc3ccc4c(cnn4Cc4cccc(F)c4)c3)c2c1CN1CCCNCC1,170.0,uM
CHEMBL247710,NC1CCN(Cc2ccn3ncnc(Nc4ccc(OCc5cccc(F)c5)c(Cl)c4)c23)CC1,32.0,uM
CHEMBL247709,Fc1cccc(COc2ccc(Nc3ncnn4ccc(CN5CCCNCC5)c34)cc2Cl)c1,41.0,uM
CHEMBL393264,CC1(N)CCN(Cc2ccn3ncnc(Nc4ccc5c(cnn5Cc5cccc(F)c5)c4)c23)CC1,43.0,uM
CHEMBL247513,O=C(CO)NC1CCN(Cc2ccn3ncnc(Nc4ccc5c(cnn5Cc5cccc(F)c5)c4)c23)CC1,120.0,uM
CHEMBL247512,CC(=O)NC1CCN(Cc2ccn3ncnc(Nc4ccc5c(cnn5Cc5cccc(F)c5)c4)c23)CC1,180.0,uM
CHEMBL247309,CN(C)C1CCN(Cc2ccn3ncnc(Nc4ccc5c(cnn5Cc5cccc(F)c5)c4)c23)CC1,110.0,uM
CHEMBL246898,CS(=O)(=O)CCNC1CCN(Cc2ccn3ncnc(Nc4ccc5c(cnn5Cc5cccc(F)c5)c4)c23)CC1,190.0,uM
CHEMBL247104,OCCNC1CCN(Cc2ccn3ncnc(Nc4ccc5c(cnn5Cc5cccc(F)c5)c4)c23)CC1,31.0,uM
CHEMBL391779,CNC1CCN(Cc2ccn3ncnc(Nc4ccc5c(cnn5Cc5cccc(F)c5)c4)c23)CC1,54.0,uM
CHEMBL391778,NCC1CCN(Cc2ccn3ncnc(Nc4ccc5c(cnn5Cc5cccc(F)c5)c4)c23)CC1,38.0,uM
CHEMBL246687,N[C@H]1CCN(Cc2ccn3ncnc(Nc4ccc5c(cnn5Cc5cccc(F)c5)c4)c23)C1,52.0,uM
CHEMBL393848,N[C@@H]1CCN(Cc2ccn3ncnc(Nc4ccc5c(cnn5Cc5cccc(F)c5)c4)c23)C1,70.0,uM
CHEMBL392664,Fc1cccc(Cn2ncc3cc(Nc4ncnn5ccc(CNC6CCNCC6)c45)ccc32)c1,76.0,uM
CHEMBL248108,NC1CCN(Cc2ccn3ncnc(Nc4ccc5c(cnn5Cc5cccc(F)c5)c4)c23)CC1,23.0,uM
CHEMBL253881,NC1CCN(Cc2ccn3ncnc(Oc4ccc(NC(=O)NC(=O)Cc5ccc(F)cc5)cc4F)c23)CC1,5000.0,uM
CHEMBL256362,Cc1ccc(Oc2ccc(Nc3ncnc4cccc(O[C@H](C)C(=O)N(C)C)c34)cc2C)cn1,23.0,uM
CHEMBL404181,C[C@H](Oc1cccc2ncnc(Nc3ccc4c(cnn4Cc4nccs4)c3)c12)C(=O)N1CCOCC1,12.0,uM
CHEMBL257411,C[C@@H](Oc1cccc2ncnc(Nc3ccc4c(cnn4Cc4nccs4)c3)c12)C(=O)N1CCOCC1,43.0,uM
CHEMBL257410,CNC(=O)[C@@H](C)Oc1cccc2ncnc(Nc3ccc4c(cnn4Cc4nccs4)c3)c12,240.0,uM
CHEMBL257198,C[C@H](Oc1cccc2ncnc(Nc3ccc4c(cnn4Cc4nccs4)c3)c12)C(=O)N(C)C,24.0,uM
CHEMBL257197,C[C@@H](Oc1cccc2ncnc(Nc3ccc4c(cnn4Cc4nccs4)c3)c12)C(=O)N(C)C,26.0,uM
CHEMBL404327,C[C@@H](Oc1cccc2ncnc(Nc3ccc4c(cnn4Cc4cscn4)c3)c12)C(=O)N1CCOCC1,160.0,uM
CHEMBL257196,C[C@@H](Oc1cccc2ncnc(Nc3ccc4c(cnn4Cc4cscn4)c3)c12)C(N)=O,140.0,uM
CHEMBL256996,C[C@H](Oc1cccc2ncnc(Nc3ccc4c(cnn4Cc4cscn4)c3)c12)C(=O)N(C)C,130.0,uM
CHEMBL256995,C[C@@H](Oc1cccc2ncnc(Nc3ccc4c(cnn4Cc4cscn4)c3)c12)C(=O)N(C)C,230.0,uM
CHEMBL439425,C[C@@H](Oc1cccc2ncnc(Nc3ccc4c(cnn4Cc4cccc(F)c4)c3)c12)C(=O)N1CCOCC1,22.0,uM
CHEMBL256994,CNC(=O)[C@@H](C)Oc1cccc2ncnc(Nc3ccc4c(cnn4Cc4cccc(F)c4)c3)c12,57.0,uM
CHEMBL256784,C[C@H](Oc1cccc2ncnc(Nc3ccc4c(cnn4Cc4cccc(F)c4)c3)c12)C(=O)N(C)C,6.0,uM
CHEMBL256783,C[C@@H](Oc1cccc2ncnc(Nc3ccc4c(cnn4Cc4cccc(F)c4)c3)c12)C(=O)N(C)C,8.0,uM
CHEMBL413997,C[C@H](Oc1cccc2ncnc(Nc3ccc4c(cnn4Cc4ccccn4)c3)c12)C(=O)N1CCOCC1,140.0,uM
CHEMBL256576,C[C@@H](Oc1cccc2ncnc(Nc3ccc4c(cnn4Cc4ccccn4)c3)c12)C(=O)N1CCOCC1,51.0,uM
CHEMBL256364,CNC(=O)[C@@H](C)Oc1cccc2ncnc(Nc3ccc4c(cnn4Cc4ccccn4)c3)c12,59.0,uM
CHEMBL256363,C[C@@H](Oc1cccc2ncnc(Nc3ccc4c(cnn4Cc4ccccn4)c3)c12)C(N)=O,32.0,uM
CHEMBL402657,C[C@H](Oc1cccc2ncnc(Nc3ccc4c(cnn4Cc4ccccn4)c3)c12)C(=O)N(C)C,80.0,uM
CHEMBL402011,C[C@@H](Oc1cccc2ncnc(Nc3ccc4c(cnn4Cc4ccccn4)c3)c12)C(=O)N(C)C,90.0,uM
CHEMBL272929,NC(=O)COc1cccc2ncnc(Nc3ccc(OCc4ccccn4)c(Cl)c3)c12,180.0,uM
CHEMBL429760,Cc1ccc(Oc2ccc(Nc3ncnc4cccc(O[C@@H](C)C(=O)N(C)C)c34)cc2C)cn1,30.0,uM
CHEMBL430410,Cc1ccc(Oc2ccc(Nc3ncnc4cccc(O[C@@H](C)C(=O)N(C)CCO)c34)cc2C)cn1,78.0,uM
CHEMBL257478,Cc1ccc(Oc2ccc(Nc3ncnc4cccc(O[C@H](C)C(=O)N(C)CCO)c34)cc2C)cn1,69.0,uM
CHEMBL257477,COCCN(C)C(=O)[C@@H](C)Oc1cccc2ncnc(Nc3ccc(Oc4ccc(C)nc4)c(C)c3)c12,120.0,uM
CHEMBL271668,Cc1ccc(Oc2ccc(Nc3ncnc4cccc(O[C@H](C)C(=O)NCCO)c34)cc2C)cn1,200.0,uM
CHEMBL411799,COc1cc(Nc2ncnc3cccc(O[C@H](C)C(=O)N4CCOCC4)c23)ccc1Oc1ccc(C)nc1,23.0,uM
CHEMBL402798,Cc1ccc(Oc2ccc(Nc3ncnc4cccc(O[C@H](C)C(=O)N5CCOCC5)c34)cc2Cl)cn1,27.0,uM
CHEMBL430407,Cc1ccc(Oc2ccc(Nc3ncnc4cccc(O[C@@H](C)C(=O)N5CCOCC5)c34)cc2C)cn1,35.0,uM
CHEMBL402507,Cc1ccc(Oc2ccc(Nc3ncnc4cccc(O[C@H](C)C(=O)N5CCOCC5)c34)cc2C)cn1,22.0,uM
CHEMBL255337,Cc1ccc(Oc2ccc(Nc3ncnc4cccc(OCC(=O)N(C)CCO)c34)cc2C)cn1,130.0,uM
CHEMBL403594,CNC(=O)[C@@H](C)Oc1cccc2ncnc(Nc3ccc(OCc4ccccn4)c(Cl)c3)c12,66.0,uM
CHEMBL255968,C[C@H](Oc1cccc2ncnc(Nc3ccc(OCc4ccccn4)c(Cl)c3)c12)C(=O)N(C)C,43.0,uM
CHEMBL428777,C[C@@H](Oc1cccc2ncnc(Nc3ccc(OCc4ccccn4)c(Cl)c3)c12)C(=O)N(C)C,34.0,uM
CHEMBL403774,C[C@@H](Oc1cccc2ncnc(Nc3ccc(OCc4ccccn4)c(Cl)c3)c12)C(=O)N1CCOCC1,19.0,uM
CHEMBL256060,C[C@H](Oc1cccc2ncnc(Nc3ccc(OCc4ccccn4)c(Cl)c3)c12)C(=O)N(C)CCO,79.0,uM
CHEMBL258313,C[C@@H](Oc1cccc2ncnc(Nc3ccc(OCc4ccccn4)c(Cl)c3)c12)C(=O)N(C)CCO,31.0,uM
CHEMBL258352,CN1CCN(C(=O)COc2cccc3ncnc(Nc4ccc(OCc5ccccn5)c(Cl)c4)c23)CC1,350.0,uM
CHEMBL258354,O=C(COc1cccc2ncnc(Nc3ccc(OCc4ccccn4)c(Cl)c3)c12)N1CCOCC1,140.0,uM
CHEMBL258353,CN(CCO)C(=O)COc1cccc2ncnc(Nc3ccc(OCc4ccccn4)c(Cl)c3)c12,120.0,uM
CHEMBL255376,OC1CCN(CCOc2n[nH]c3ncnc(Nc4ccc(OCc5cccc(F)c5)c(Cl)c4)c23)CC1,1.0,uM
CHEMBL272935,CN1CCN(CCCOc2n[nH]c3ncnc(Nc4ccc(OCc5ccccn5)c(Cl)c4)c23)CC1,4.0,uM
CHEMBL257860,OC1CCN(CCCOc2n[nH]c3ncnc(Nc4ccc(OCc5ccccn5)c(Cl)c4)c23)CC1,6.0,uM
CHEMBL257859,Clc1cc(Nc2ncnc3[nH]nc(OCCCN4CCOCC4)c23)ccc1OCc1ccccn1,1.0,uM
CHEMBL257861,OCCOc1n[nH]c2ncnc(Nc3ccc(OCc4ccccn4)c(Cl)c3)c12,4.0,uM
CHEMBL271705,Clc1cc(Nc2ncnc3[nH]nc(OCCN4CCOCC4)c23)ccc1OCc1ccccn1,1.0,uM
CHEMBL411897,COC1CCN(CCOc2n[nH]c3ncnc(Nc4ccc(OCc5ccccn5)c(Cl)c4)c23)CC1,4.0,uM
CHEMBL270448,Clc1cc(Nc2ncnc3[nH]nc(OCCN4CCCCCO4)c23)ccc1OCc1ccccn1,1.0,uM
CHEMBL257430,Clc1cc(Nc2ncnc3[nH]nc(OCCN4CCNCC4)c23)ccc1OCc1ccccn1,3.0,uM
CHEMBL402553,Clc1cc(Nc2ncnc3[nH]nc(OCCN4CCCC4)c23)ccc1OCc1ccccn1,2.0,uM
CHEMBL258270,CC(=O)N1CCN(CCOc2n[nH]c3ncnc(Nc4ccc(OCc5ccccn5)c(Cl)c4)c23)CC1,1.0,uM
CHEMBL258282,CN1CCN(CCOc2n[nH]c3ncnc(Nc4ccc(OCc5ccccn5)c(Cl)c4)c23)CC1,1.0,uM
CHEMBL255135,CNCCOc1n[nH]c2ncnc(Nc3ccc(OCc4ccccn4)c(Cl)c3)c12,3.0,uM
CHEMBL401713,COc1cc(Nc2ncnc3[nH]nc(OCCN4CCC(O)CC4)c23)ccc1OCc1ccccn1,17.0,uM
CHEMBL402339,COc1cc(Nc2ncnc3[nH]nc(OCCN4CCC(O)CC4)c23)ccc1OCc1cccc(F)c1,3.0,uM
CHEMBL257873,Cc1ccc(Oc2ccc(Nc3ncnc4[nH]nc(OCCN5CCC(O)CC5)c34)cc2F)cn1,5.0,uM
CHEMBL257872,Cc1ccc(Oc2ccc(Nc3ncnc4[nH]nc(OCCN5CCC(O)CC5)c34)cc2C)cn1,11.0,uM
CHEMBL403435,Cc1cc(Nc2ncnc3[nH]nc(OCCN4CCC(O)CC4)c23)ccc1OCc1ccccn1,5.0,uM
CHEMBL438536,Cc1cc(Nc2ncnc3[nH]nc(OCCN4CCC(O)CC4)c23)ccc1OCc1cccc(F)c1,1.0,uM
CHEMBL255170,Cc1ccc(Oc2ccc(Nc3ncnc4[nH]nc(OCCN5CCC(O)CC5)c34)cc2Cl)cn1,1.0,uM
CHEMBL404405,OC1CCN(CCOc2n[nH]c3ncnc(Nc4ccc(OCc5ccccn5)c(Cl)c4)c23)CC1,5.0,uM
CHEMBL255871,CO/N=C/c1c(N)ncnc1Nc1ccc2c(cnn2Cc2cccc(F)c2)c1,12.0,uM
CHEMBL255237,COCCO/N=C/c1c(N)ncnc1Nc1ccc2c(cnn2Cc2cccc(F)c2)c1,6.0,uM
CHEMBL255236,COc1ccccc1CO/N=C/c1c(N)ncnc1Nc1ccc2c(cnn2Cc2cccc(F)c2)c1,435.0,uM
CHEMBL255438,Nc1ncnc(Nc2ccc3c(cnn3Cc3cccc(F)c3)c2)c1/C=N/OCc1ccccc1,95.0,uM
CHEMBL402293,CC(C)O/N=C/c1c(N)ncnc1Nc1ccc2c(cnn2Cc2cccc(F)c2)c1,25.0,uM
CHEMBL430031,CC(C)CO/N=C/c1c(N)ncnc1Nc1ccc2c(cnn2Cc2cccc(F)c2)c1,173.0,uM
CHEMBL402294,CCO/N=C/c1c(N)ncnc1Nc1ccc2c(cnn2Cc2cccc(F)c2)c1,7.0,uM
CHEMBL256295,Nc1ncnc(Nc2ccc3c(cnn3Cc3cccc(F)c3)c2)c1/C=N/O,42.0,uM
CHEMBL256297,CO/N=C/c1c(N)ncnc1Nc1ccc(OCc2cccc(F)c2)c(Cl)c1,18.0,uM
CHEMBL257815,CO/N=C/c1c(N)ncnc1Nc1ccc(OCc2ccccc2)c(Cl)c1,153.0,uM
CHEMBL257814,CO/N=C/c1c(N)ncnc1Nc1ccc2c(c1)CCN2Cc1cccc(F)c1,255.0,uM
CHEMBL402316,CO/N=C/c1c(N)ncnc1Nc1ccc2[nH]c(Cc3cccc(F)c3)nc2c1,76.0,uM
CHEMBL257816,CO/N=C/c1c(N)ncnc1Nc1ccc2c(ccn2Cc2cccc(F)c2)c1,27.0,uM
CHEMBL256527,CO/N=C/c1c(N)ncnc1Nc1ccc2c(cnn2Cc2ccc(F)cc2)c1,189.0,uM
CHEMBL255865,CO/N=C/c1c(N)ncnc1Nc1ccc2c(cnn2Cc2cccc(C#N)c2)c1,44.0,uM
CHEMBL255656,CO/N=C/c1c(N)ncnc1Nc1ccc2c(cnn2Cc2cccc(Cl)c2)c1,30.0,uM
CHEMBL402113,CO/N=C/c1c(N)ncnc1Nc1ccc2c(cnn2Cc2ccccc2)c1,22.0,uM
CHEMBL255866,CO/N=C/c1c(N)ncnc1Nc1ccc2[nH]ncc2c1,4123.0,uM
CHEMBL255291,CO/N=C/c1c(N)ncnc1NCc1ccc(F)c(Cl)c1,5220.0,uM
CHEMBL402149,CO/N=C/c1c(N)ncnc1Nc1cccc(Br)c1,557.0,uM
CHEMBL255490,CO/N=C/c1c(N)ncnc1Nc1ccc(F)c(Cl)c1,204.0,uM
CHEMBL472545,Nc1ncnc(Nc2ccc(OCc3ccccc3)c(Cl)c2)c1-c1nnc(CCN2CCOCC2)o1,80.0,uM
CHEMBL472544,Nc1ncnc(Nc2ccc(OCc3ccccc3)c(Cl)c2)c1C(=O)NNC(=O)CCN1CCOCC1,5700.0,uM
CHEMBL511478,NNC(=O)c1c(N)ncnc1Nc1ccc(OCc2ccccc2)c(Cl)c1,146.0,uM
CHEMBL500591,N#Cc1c(N)ncnc1Nc1ccc(OCc2ccccc2)c(Cl)c1,470.0,uM
CHEMBL472383,COc1ccc(NC(=O)c2c(N)ncnc2Nc2ccc(OCc3ccccc3)c(Cl)c2)cc1,100000.0,uM
CHEMBL472382,Nc1ncnc(Nc2ccc(OCc3ccccc3)c(Cl)c2)c1C(=O)OCc1cccc(F)c1,100000.0,uM
CHEMBL452727,CCN(CC)C(=O)c1c(N)ncnc1Nc1ccc(OCc2ccccc2)c(Cl)c1,100000.0,uM
CHEMBL517745,COCCNC(=O)c1c(N)ncnc1Nc1ccc(OCc2ccccc2)c(Cl)c1,100000.0,uM
CHEMBL461115,COc1ccc(CCNC(=O)c2c(N)ncnc2Nc2ccc(OCc3ccccc3)c(Cl)c2)cc1,100000.0,uM
CHEMBL518646,Nc1ncnc(Nc2ccc(OCc3ccccc3)c(Cl)c2)c1C(=O)NCCN1CCOCC1,10000.0,uM
CHEMBL462343,Nc1ncnc(Nc2ccc(OCc3ccccc3)c(Cl)c2)c1C(=O)NCCN1CCCCC1,10000.0,uM
CHEMBL461114,Nc1ncnc(Nc2ccc(OCc3ccccc3)c(Cl)c2)c1C(=O)Nc1ccccc1,776.0,uM
CHEMBL461113,Nc1ncnc(Nc2ccc(OCc3ccccc3)c(Cl)c2)c1C(=O)OCCN1CCOCC1,1530.0,uM
CHEMBL516487,COC(=O)c1c(N)ncnc1Nc1ccc(OCc2ccccc2)c(Cl)c1,100.0,uM
CHEMBL512391,Nc1ncnc(Nc2ccc(OCc3ccccc3)c(Cl)c2)c1C(=O)O,776.0,uM
CHEMBL485745,Fc1ccc(-c2nn3ccccc3c2-c2ccncc2)cc1,10000.0,uM
CHEMBL474347,Fc1cc(-c2nc3ccccc3s2)ccc1Nc1ncnc2ccsc12,10000.0,uM
CHEMBL474346,Clc1cc(Nc2ncnc3ccsc23)ccc1-c1nc2ccccc2s1,10000.0,uM
CHEMBL514929,COc1cc(Nc2ncnc3ccsc23)ccc1-c1nc2ccccc2s1,10000.0,uM
CHEMBL472946,c1ccc2sc(-c3ccc(Nc4ncnc5ccsc45)cc3)nc2c1,10000.0,uM
CHEMBL475352,COc1cc(Nc2ncnc3[nH]cnc23)ccc1-c1nc2ccccc2s1,10000.0,uM
CHEMBL475351,COc1nc(Nc2ccc(-c3nc4ccccc4s3)c(OC)c2)c2cc[nH]c2n1,10000.0,uM
CHEMBL462338,COc1nc(Nc2ccc(-c3nc4ccccc4s3)cc2)c2cc[nH]c2n1,10000.0,uM
CHEMBL461110,COc1cc(Nc2nccc(Nc3cc(C)[nH]n3)n2)ccc1-c1nc2ccccc2s1,10000.0,uM
CHEMBL459886,CN1CCN(c2ccnc(Nc3ccc(-c4nc5ccccc5s4)cc3)n2)CC1,10000.0,uM
CHEMBL462160,CNc1ccnc(Nc2ccc(-c3nc4ccccc4s3)cc2)n1,10000.0,uM
CHEMBL512933,CNc1nccc(Nc2ccc(-c3nc4ccccc4s3)cc2)n1,10000.0,uM
CHEMBL461991,Cc1cc(Nc2cc(Nc3ccc(-c4nc5ccccc5s4)cc3)ccn2)n[nH]1,10000.0,uM
CHEMBL464014,CNc1cc(Nc2ccc(-c3nc4ccccc4s3)cc2)ccn1,10000.0,uM
CHEMBL518803,c1ccc2sc(-c3ccc(Nc4ncnc5[nH]ccc45)cc3)nc2c1,3100.0,uM
CHEMBL462162,COc1cc(Nc2ncnc3[nH]ccc23)ccc1-c1nc2ccccc2s1,1600.0,uM
CHEMBL464210,CNC(=O)c1cc(Nc2ccc(-c3nc4ccccc4s3)cc2)ccn1,1100.0,uM
CHEMBL301018,COc1cc2ncnc(Nc3ccc(F)c(Cl)c3)c2cc1OC,24.0,uM
CHEMBL497949,NC(=O)c1ccc2c(c1)NC(=O)/C2=C(\Nc1ccc(CN2CCCCC2)cc1)c1ccccc1,10000.0,uM
CHEMBL502835,COC(=O)c1ccc2c(c1)NC(=O)/C2=C(\Nc1ccc(N(C)C(=O)CN2CCN(C)CC2)cc1)c1ccccc1,10000.0,uM
CHEMBL525203,COC(=O)c1ccc2c(c1)NC(=O)/C2=C(\Nc1ccc(CN(C)C(=O)N(C)C)cc1)c1ccccc1,10000.0,uM
CHEMBL521155,Nc1ncnc2c1ncn2CC(=O)c1c[nH]c2ccccc12,95000.0,uM
CHEMBL459729,Cc1cc(C2CCN(CCCF)CC2)cc2[nH]c(-c3c(NCCn4cc(Cl)cn4)cc[nH]c3=O)nc12,6000.0,uM
CHEMBL201511,COc1cc(C2=C(c3c[nH]c4ccccc34)C(=O)NC2=O)cc(OC)c1OC,26000.0,uM
CHEMBL453336,COc1cc(C2=C(c3cn(COCc4ccccc4)c4ccccc34)CNC2=O)cc(OC)c1OC,36000.0,uM
CHEMBL488811,COc1cc(C2=C(c3cn(COc4ccccc4)c4ccccc34)CNC2=O)cc(OC)c1OC,37000.0,uM
CHEMBL488646,COc1cc(C2=C(c3cn(COC(C)(C)C)c4ccccc34)CNC2=O)cc(OC)c1OC,25000.0,uM
CHEMBL77030,N#C/C(=C\c1ccc(O)c(O)c1)C(N)=S,5700.0,uM
CHEMBL477197,Oc1cc2c(cc1O)[C@@H]1c3ccc(O)c(O)c3OC[C@]1(O)C2,960.0,uM
CHEMBL525725,COc1ccc(/N=C/c2c(N)ncnc2Nc2ccc3c(cnn3Cc3cccc(F)c3)c2)cc1,118.0,uM
CHEMBL497863,Nc1ncnc(Nc2ccc3c(cnn3Cc3cccc(F)c3)c2)c1/C=N/NCC(F)(F)F,20.0,uM
CHEMBL497697,CN/N=C/c1c(N)ncnc1Nc1ccc2c(cnn2Cc2cccc(F)c2)c1,84.0,uM
CHEMBL515664,COC[C@H]1CCCN1/N=C/c1c(N)ncnc1Nc1ccc2c(cnn2Cc2cccc(F)c2)c1,72.0,uM
CHEMBL456758,COC[C@@H]1CCCN1/N=C/c1c(N)ncnc1Nc1ccc2c(cnn2Cc2cccc(F)c2)c1,39.0,uM
CHEMBL514566,Nc1ncnc(Nc2ccc3c(cnn3Cc3cccc(F)c3)c2)c1/C=N/N1CCN(CCO)CC1,8.0,uM
CHEMBL498134,CN1CCN(/N=C/c2c(N)ncnc2Nc2ccc3c(cnn3Cc3cccc(F)c3)c2)CC1,8.0,uM
CHEMBL524457,Nc1ncnc(Nc2ccc3c(cnn3Cc3cccc(F)c3)c2)c1/C=N/N1CCCCC1,18.0,uM
CHEMBL498133,Nc1ncnc(Nc2ccc3c(cnn3Cc3cccc(F)c3)c2)c1/C=N/N1CCOCC1,7.0,uM
CHEMBL497459,CN(C)/N=C/c1c(N)ncnc1Nc1ccc2c(cnn2Cc2cccc(F)c2)c1,2.0,uM
CHEMBL489083,N=C(N)SCCCn1c(=O)c2c(c1=O)n1c3ccccc3cc1c1cccc3ccn2c31,7700.0,uM
CHEMBL461139,O=c1[nH]cnc2[nH]c(-c3ccnc(/C=C/c4ccc(CN5CCOCC5)cc4)c3)cc12,10000.0,uM
CHEMBL461140,CN(C)CCOc1ccc(/C=C/c2cc(-c3cc4c(=O)[nH]cnc4[nH]3)ccn2)cc1,9500.0,uM
CHEMBL516640,COc1ccc(-n2cnc3ccc(-c4nnc(SCc5cccc(C#N)c5)o4)cc32)cc1,10000.0,uM
CHEMBL558708,Nc1ncnc2c1c(-c1cccc(OCc3ccccc3)c1)cn2[C@H]1C[C@H](N2CCCC2)C1,10000.0,uM
CHEMBL595615,COc1cc2c(Nc3ccc(-c4nc5ccccc5s4)cc3)ncnc2cc1OCCCN1CCN(C)CC1,100.0,uM
CHEMBL595406,COc1cc2c(Nc3ccc(-c4nc5ccccc5s4)cc3C)ncnc2cc1OCCCN1CCN(C)CC1,490.0,uM
CHEMBL595142,COc1cc2c(Nc3ccc(-c4nc5ccccc5s4)cc3O)ncnc2cc1OCCCN1CCN(C)CC1,3600.0,uM
CHEMBL593221,COc1cc(-c2nc3ccccc3s2)ccc1Nc1ncnc2cc(OCCCN3CCN(C)CC3)c(OC)cc12,10000.0,uM
CHEMBL593245,COc1cc2c(Nc3ccc(-c4nc5ccccc5s4)cc3OC(F)(F)F)ncnc2cc1OCCCN1CCN(C)CC1,10000.0,uM
CHEMBL594228,COc1cc2c(Nc3ccc(-c4nc5ccccc5s4)cc3F)ncnc2cc1OCCCN1CCN(C)CC1,2400.0,uM
CHEMBL596087,COc1cc2c(Nc3ccc(-c4nc5ccccc5s4)c(C)c3)ncnc2cc1OCCCN1CCN(C)CC1,32.0,uM
CHEMBL606466,COc1cc2c(Nc3ccc(-c4nc5ccccc5s4)c(O)c3)ncnc2cc1OCCCN1CCN(C)CC1,780.0,uM
CHEMBL593860,COc1cc2c(Nc3ccc(-c4nc5ccccc5s4)c(OC)c3)ncnc2cc1OCCCN1CCN(C)CC1,5.0,uM
CHEMBL593987,COc1cc2c(Nc3ccc(-c4nc5ccccc5s4)c(F)c3)ncnc2cc1OCCCN1CCN(C)CC1,300.0,uM
CHEMBL593274,COc1cc2c(Nc3ccc(-c4nc5ccccc5s4)c(Cl)c3)ncnc2cc1OCCCN1CCN(C)CC1,38.0,uM
CHEMBL593306,COc1ccc2nc(-c3ccc(Nc4ncnc5cc(OCCCN6CCN(C)CC6)c(OC)cc45)cc3)sc2c1,130.0,uM
CHEMBL604992,COc1cc2c(Nc3ccc(-c4nc5ccc(F)cc5s4)cc3)ncnc2cc1OCCCN1CCN(C)CC1,6950.0,uM
CHEMBL593275,COc1cc2c(Nc3ccc(-c4nc5ccc(Cl)cc5s4)cc3)ncnc2cc1OCCCN1CCN(C)CC1,2300.0,uM
CHEMBL596292,COc1cc2c(Nc3ccc(-c4nc5cc(Cl)ccc5s4)cc3)ncnc2cc1OCCCN1CCN(C)CC1,10000.0,uM
CHEMBL593908,COc1cc2c(Nc3ccc(-c4nc5cc(C(F)(F)F)ccc5s4)cc3)ncnc2cc1OCCCN1CCN(C)CC1,10000.0,uM
CHEMBL593909,COc1cc2c(Nc3ccc(-c4nc5ccc(Cl)cc5s4)cc3F)ncnc2cc1OCCCN1CCN(C)CC1,10000.0,uM
CHEMBL593292,COc1cc2ncnc(Nc3ccc(-c4nc5ccccc5s4)cc3)c2cc1OCCCN1CCN(C)CC1,2200.0,uM
CHEMBL595374,COc1cc2ncnc(Nc3ccc(-c4nc5ccccc5s4)cc3C)c2cc1OCCCN1CCN(C)CC1,5900.0,uM
CHEMBL593294,COc1cc2ncnc(Nc3ccc(-c4nc5ccccc5s4)cc3O)c2cc1OCCCN1CCN(C)CC1,2300.0,uM
CHEMBL593910,COc1cc(-c2nc3ccccc3s2)ccc1Nc1ncnc2cc(OC)c(OCCCN3CCN(C)CC3)cc12,10000.0,uM
CHEMBL594661,COc1cc2ncnc(Nc3ccc(-c4nc5ccccc5s4)cc3F)c2cc1OCCCN1CCN(C)CC1,10000.0,uM
CHEMBL604485,COc1cc2ncnc(Nc3ccc(-c4nc5ccccc5s4)c(O)c3)c2cc1OCCCN1CCN(C)CC1,10000.0,uM
CHEMBL593911,COc1cc2ncnc(Nc3ccc(-c4nc5ccccc5s4)c(OC)c3)c2cc1OCCCN1CCN(C)CC1,47.0,uM
CHEMBL593760,COc1cc2ncnc(Nc3ccc(-c4nc5ccccc5s4)c(F)c3)c2cc1OCCCN1CCN(C)CC1,10000.0,uM
CHEMBL604893,COc1cc2ncnc(Nc3ccc(-c4nc5ccccc5s4)c(Cl)c3)c2cc1OCCCN1CCN(C)CC1,180.0,uM
CHEMBL593971,COc1cc2ncnc(Nc3ccc(-c4nc5cc(Cl)ccc5s4)cc3)c2cc1OCCCN1CCN(C)CC1,10000.0,uM
CHEMBL593905,COc1cc2ncnc(Nc3ccc(-c4nc5cc(C(F)(F)F)ccc5s4)cc3)c2cc1OCCCN1CCN(C)CC1,10000.0,uM
CHEMBL590109,NCCn1cc(-c2cc(-c3cc4ccccc4s3)c3[nH]ncc3c2)c2nc(N)ncc21,10000.0,uM
CHEMBL601040,Cc1ccc(NC(=O)c2ccc(N(CCCl)CCCl)cc2)cc1,1880.0,uM
CHEMBL589588,COc1ccc(NC(=O)c2ccc(N(CCCl)CCCl)cc2)cc1,410.0,uM
CHEMBL589589,CC(C)c1ccc(NC(=O)c2ccc(N(CCCl)CCCl)cc2)cc1,2320.0,uM
CHEMBL589825,O=C(Nc1ccccc1F)c1ccc(N(CCCl)CCCl)cc1,15390.0,uM
CHEMBL592710,O=C(Nc1ccccc1Cl)c1ccc(N(CCCl)CCCl)cc1,12870.0,uM
CHEMBL604672,O=C(Nc1ccccc1Br)c1ccc(N(CCCl)CCCl)cc1,9950.0,uM
CHEMBL592711,O=C(Nc1ccc(F)cc1)c1ccc(N(CCCl)CCCl)cc1,3890.0,uM
CHEMBL589830,O=C(Nc1ccc(Cl)cc1)c1ccc(N(CCCl)CCCl)cc1,3330.0,uM
CHEMBL589831,O=C(Nc1ccc(Br)cc1)c1ccc(N(CCCl)CCCl)cc1,2580.0,uM
CHEMBL589832,O=C(Nc1ccc([N+](=O)[O-])cc1)c1ccc(N(CCCl)CCCl)cc1,27190.0,uM
CHEMBL602645,CCCN(CCC)C(=O)c1ccc(N(CCCl)CCCl)cc1,39640.0,uM
CHEMBL589119,CCCCN(CCCC)C(=O)c1ccc(N(CCCl)CCCl)cc1,44510.0,uM
CHEMBL589120,CN(C(=O)c1ccc(N(CCCl)CCCl)cc1)c1ccccc1,22750.0,uM
CHEMBL590083,CCCCNC(=O)c1ccc(N(CCCl)CCCl)cc1,30060.0,uM
CHEMBL589259,CC(C)(C)NC(=O)c1ccc(N(CCCl)CCCl)cc1,46100.0,uM
CHEMBL590081,CCCCCCCCCCCCNC(=O)c1ccc(N(CCCl)CCCl)cc1,50000.0,uM
CHEMBL589503,O=C(NC1CCCC1)c1ccc(N(CCCl)CCCl)cc1,48350.0,uM
CHEMBL589846,O=C(NCCCN1CCOCC1)c1ccc(N(CCCl)CCCl)cc1,50000.0,uM
CHEMBL589847,O=C(NCc1ccccc1)c1ccc(N(CCCl)CCCl)cc1,25870.0,uM
CHEMBL602728,O=C(Nc1cccc2ccccc12)c1ccc(N(CCCl)CCCl)cc1,350.0,uM
CHEMBL592457,O=C1CSC(N/N=C/c2cc(Br)ccc2O)=N1,420.0,uM
CHEMBL592480,O=C1CSC(N/N=C/c2cc(Cl)ccc2O)=N1,1780.0,uM
CHEMBL591910,O=C1CSC(N/N=C/c2ccc(Br)cc2)=N1,2430.0,uM
CHEMBL589823,O=C1CSC(N/N=C/c2ccc(Cl)cc2)=N1,2750.0,uM
CHEMBL602328,O=C1CSC(N/N=C/c2cc(F)ccc2O)=N1,3590.0,uM
CHEMBL590875,O=C1CSC(N/N=C/c2cc(Br)cc(Br)c2O)=N1,3730.0,uM
CHEMBL589822,O=C1CSC(N/N=C/c2ccc(F)cc2)=N1,3890.0,uM
CHEMBL592481,O=C1CSC(N/N=C/c2cc(Cl)cc(Cl)c2O)=N1,4510.0,uM
CHEMBL592707,Cc1ccc(/C=N/NC2=NC(=O)CS2)cc1,5830.0,uM
CHEMBL590876,O=C1CSC(N/N=C/c2ccc(O)cc2)=N1,6930.0,uM
CHEMBL604671,O=C1CSC(N/N=C/c2ccc([N+](=O)[O-])cc2)=N1,8460.0,uM
CHEMBL592708,COc1ccc(/C=N/NC2=NC(=O)CS2)cc1,9170.0,uM
CHEMBL590524,O=C1CSC(N/N=C/c2cccc(Br)c2)=N1,10260.0,uM
CHEMBL592139,O=C1CSC(N/N=C/c2cccc(Cl)c2)=N1,14340.0,uM
CHEMBL590877,O=C1CSC(N/N=C/c2cccc(F)c2)=N1,21750.0,uM
CHEMBL591051,O=C1CSC(N/N=C/c2cccc(O)c2)=N1,27830.0,uM
CHEMBL592240,O=C1CSC(NN=C2CCCCCCC2)=N1,31000.0,uM
CHEMBL590568,Cc1cccc(/C=N/NC2=NC(=O)CS2)c1,31780.0,uM
CHEMBL591050,O=C1CSC(N/N=C/c2cccc([N+](=O)[O-])c2)=N1,37640.0,uM
CHEMBL592141,COc1cccc(/C=N/NC2=NC(=O)CS2)c1,45510.0,uM
CHEMBL589165,O=C1CSC(NN=C2CCCCCC2)=N1,47000.0,uM
CHEMBL591052,O=C1CSC(NN=C2CCC2)=N1,50000.0,uM
CHEMBL591000,O=C1CSC(NN=C2CCCC2)=N1,50000.0,uM
CHEMBL591053,O=C1CSC(NN=C2CCCCC2)=N1,50000.0,uM
CHEMBL591706,CCCCN(Cc1cccc(Cl)c1O)C(=O)Nc1ccccc1,50000.0,uM
CHEMBL589068,Cc1cc(C)c(O)c(CN(Cc2ccc(O)cc2)C(=O)Nc2ccccc2)c1,16120.0,uM
CHEMBL601828,O=C(Nc1ccccc1)N(Cc1ccc(O)cc1)Cc1cc(Br)cc(Br)c1O,4530.0,uM
CHEMBL590526,O=C(Nc1ccccc1)N(Cc1ccc(O)cc1)Cc1cc(Cl)cc(Cl)c1O,2210.0,uM
CHEMBL590525,Cc1cccc(CN(Cc2ccc(O)cc2)C(=O)Nc2ccccc2)c1O,18430.0,uM
CHEMBL590714,O=C(Nc1ccccc1)N(Cc1ccc(O)cc1)Cc1cccc(Br)c1O,2660.0,uM
CHEMBL592211,O=C(Nc1ccccc1)N(Cc1ccc(O)cc1)Cc1cccc(Cl)c1O,2270.0,uM
CHEMBL592210,Cc1cc(C)c(O)c(CN(Cc2ccc(F)cc2)C(=O)Nc2ccccc2)c1,50000.0,uM
CHEMBL603186,O=C(Nc1ccccc1)N(Cc1ccc(F)cc1)Cc1cc(Br)cc(Br)c1O,12420.0,uM
CHEMBL589809,O=C(Nc1ccccc1)N(Cc1ccc(F)cc1)Cc1cc(Cl)cc(Cl)c1O,9640.0,uM
CHEMBL600048,Cc1cccc(CN(Cc2ccc(F)cc2)C(=O)Nc2ccccc2)c1O,38230.0,uM
CHEMBL592427,O=C(Nc1ccccc1)N(Cc1ccc(F)cc1)Cc1cccc(Br)c1O,5170.0,uM
CHEMBL592426,O=C(Nc1ccccc1)N(Cc1ccc(F)cc1)Cc1cccc(Cl)c1O,3450.0,uM
CHEMBL590962,CCCCN(Cc1cccc(Br)c1O)C(=O)Nc1ccccc1,50000.0,uM
CHEMBL591707,CCCCN(Cc1cccc(C)c1O)C(=O)Nc1ccccc1,50000.0,uM
CHEMBL591708,CCCCN(Cc1cc(Cl)cc(Cl)c1O)C(=O)Nc1ccccc1,50000.0,uM
CHEMBL590759,CCCCN(Cc1cc(Br)cc(Br)c1O)C(=O)Nc1ccccc1,50000.0,uM
CHEMBL590997,CCCCN(Cc1cc(C)cc(C)c1O)C(=O)Nc1ccccc1,50000.0,uM
CHEMBL589560,Oc1c(Cl)cccc1CN(Cc1ccc(F)cc1)C(=S)Nc1ccccc1,1410.0,uM
CHEMBL589561,Oc1c(Br)cccc1CN(Cc1ccc(F)cc1)C(=S)Nc1ccccc1,1870.0,uM
CHEMBL589801,Cc1cccc(CN(Cc2ccc(F)cc2)C(=S)Nc2ccccc2)c1O,15660.0,uM
CHEMBL592200,Oc1c(Cl)cc(Cl)cc1CN(Cc1ccc(F)cc1)C(=S)Nc1ccccc1,6490.0,uM
CHEMBL592201,Oc1c(Br)cc(Br)cc1CN(Cc1ccc(F)cc1)C(=S)Nc1ccccc1,6730.0,uM
CHEMBL592224,Cc1cc(C)c(O)c(CN(Cc2ccc(F)cc2)C(=S)Nc2ccccc2)c1,37820.0,uM
CHEMBL592466,Oc1ccc(CN(Cc2cccc(Cl)c2O)C(=S)Nc2ccccc2)cc1,350.0,uM
CHEMBL604042,Oc1ccc(CN(Cc2cccc(Br)c2O)C(=S)Nc2ccccc2)cc1,660.0,uM
CHEMBL604785,Cc1cccc(CN(Cc2ccc(O)cc2)C(=S)Nc2ccccc2)c1O,7130.0,uM
CHEMBL591288,Oc1ccc(CN(Cc2cc(Cl)cc(Cl)c2O)C(=S)Nc2ccccc2)cc1,1230.0,uM
CHEMBL592004,Oc1ccc(CN(Cc2cc(Br)cc(Br)c2O)C(=S)Nc2ccccc2)cc1,2240.0,uM
CHEMBL592247,Cc1cc(C)c(O)c(CN(Cc2ccc(O)cc2)C(=S)Nc2ccccc2)c1,9470.0,uM
CHEMBL589413,CCCCN(Cc1cccc(Cl)c1O)C(=S)Nc1ccccc1,32540.0,uM
CHEMBL606027,CCCCN(Cc1cccc(Br)c1O)C(=S)Nc1ccccc1,39510.0,uM
CHEMBL591437,CCCCN(Cc1cccc(C)c1O)C(=S)Nc1ccccc1,50000.0,uM
CHEMBL591440,CCCCN(Cc1cc(Cl)cc(Cl)c1O)C(=S)Nc1ccccc1,39780.0,uM
CHEMBL589590,CCCCN(Cc1cc(Br)cc(Br)c1O)C(=S)Nc1ccccc1,50000.0,uM
CHEMBL589365,Cc1cc(C)c(O)c(CN(Cc2ccccc2)C(=S)Nc2ccccc2)c1,50000.0,uM
CHEMBL1087368,CCN(CC)CCNC(=O)c1[nH]c2cnnc(Nc3ccc(OCc4cccc(F)c4)c(Cl)c3)c2c1C,960.0,uM
CHEMBL1081849,Cc1c(C(=O)NCCCN2CCN(C)CC2)[nH]c2cnnc(Nc3ccc(OCc4cccc(F)c4)c(Cl)c3)c12,2240.0,uM
CHEMBL1082012,Cc1c(C(=O)NCCN2CCN(C)CC2)[nH]c2cnnc(Nc3ccc(OCc4cccc(F)c4)c(Cl)c3)c12,843.0,uM
CHEMBL1080506,Cc1c(C(=O)NCCN2CCOCC2)[nH]c2cnnc(Nc3ccc(OCc4cccc(F)c4)c(Cl)c3)c12,5000.0,uM
CHEMBL1080812,Cc1c(C(=O)NCCN2CCOCC2)[nH]c2cnnc(Nc3ccc(OCc4ccccn4)c(Cl)c3)c12,5000.0,uM
CHEMBL1080990,CCOC(=O)c1[nH]c(C)c2cnnc(Nc3ccc(OCc4cccc(F)c4)c(Cl)c3)c12,934.0,uM
CHEMBL1080271,CCN(CC)CCNC(=O)c1cc2cnnc(Nc3ccc(OCc4cccc(F)c4)c(Cl)c3)c2[nH]1,3840.0,uM
CHEMBL1080272,O=C(NCCN1CCCC1)c1cc2cnnc(Nc3ccc(OCc4cccc(F)c4)c(Cl)c3)c2[nH]1,620.0,uM
CHEMBL1079742,C#Cc1cccc(Nc2ncnc3cc(OCCOC)c(OCCOC)cc23)c1.Cl,1890.0,uM
CHEMBL1201179,CS(=O)(=O)CCNCc1ccc(-c2ccc3ncnc(Nc4ccc(OCc5cccc(F)c5)c(Cl)c4)c3c2)o1.Cc1ccc(S(=O)(=O)O)cc1.Cc1ccc(S(=O)(=O)O)cc1.O,124.0,uM
CHEMBL1085511,CC(C)COC(=O)Nc1ccc(-c2cnc3c(-c4ccc(N5CCN(C)CC5)cc4)cnn3c2N)cc1,10000.0,uM
CHEMBL1165468,CCOC(=O)c1cc2cc(Nc3ncnc4cc(OCCCN(CC)CC)c(OC)cc34)ccc2s1,2290.0,uM
CHEMBL1163749,CCOC(=O)c1cc2cc(Nc3ncnc4cc(OCCCN5CCC(C)CC5)c(OC)cc34)ccc2s1,1320.0,uM
CHEMBL1172957,NS(=O)(=O)c1ccc(Nc2nc(N3CCOCC3)nc3[nH]cnc23)cc1,10000.0,uM
CHEMBL1172802,Cc1ncc([N+](=O)[O-])n1CCOC(=O)/C=C/c1ccc(F)cc1,5840.0,uM
CHEMBL1172803,Cc1ncc([N+](=O)[O-])n1CCOC(=O)/C=C/c1ccc(Cl)cc1,4770.0,uM
CHEMBL1173651,Cc1ncc([N+](=O)[O-])n1CCOC(=O)/C=C/c1ccc(Br)cc1,4650.0,uM
CHEMBL1173652,Cc1ncc([N+](=O)[O-])n1CCOC(=O)/C=C/c1ccccc1,10780.0,uM
CHEMBL1173653,Cc1ccc(/C=C/C(=O)OCCn2c([N+](=O)[O-])cnc2C)cc1,9650.0,uM
CHEMBL1173713,COc1ccc(/C=C/C(=O)OCCn2c([N+](=O)[O-])cnc2C)cc1,14320.0,uM
CHEMBL1173714,Cc1ncc([N+](=O)[O-])n1CCOC(=O)/C=C/c1ccc(C(C)C)cc1,9970.0,uM
CHEMBL1173718,Cc1ncc([N+](=O)[O-])n1CCOC(=O)/C=C/c1ccc(-c2ccccc2)cc1,2150.0,uM
CHEMBL1173783,Cc1ncc([N+](=O)[O-])n1CCOC(=O)/C=C/c1ccc(OCc2ccccc2)cc1,3460.0,uM
CHEMBL1172877,Cc1ncc([N+](=O)[O-])n1CCOC(=O)/C=C/c1ccccc1F,41260.0,uM
CHEMBL1172878,Cc1ncc([N+](=O)[O-])n1CCOC(=O)/C=C/c1ccccc1Cl,36450.0,uM
CHEMBL1172947,Cc1ncc([N+](=O)[O-])n1CCOC(=O)/C=C/c1ccccc1Br,44850.0,uM
CHEMBL1173789,Cc1ncc([N+](=O)[O-])n1CCOC(=O)/C=C/c1ccccc1[N+](=O)[O-],40000.0,uM
CHEMBL1171273,COc1ccccc1/C=C/C(=O)OCCn1c([N+](=O)[O-])cnc1C,50000.0,uM
CHEMBL1172950,Cc1ncc([N+](=O)[O-])n1CCOC(=O)/C=C/c1cccc([N+](=O)[O-])c1,19340.0,uM
CHEMBL1172951,Cc1ncc([N+](=O)[O-])n1CCOC(=O)/C=C/c1cccc(F)c1,16750.0,uM
CHEMBL1173014,COc1cccc(/C=C/C(=O)OCCn2c([N+](=O)[O-])cnc2C)c1,18820.0,uM
CHEMBL1170278,Cc1ncc([N+](=O)[O-])n1CCOC(=O)/C=C/c1cccc2ccccc12,5030.0,uM
CHEMBL1170459,Cc1ncc([N+](=O)[O-])n1CCOC(=O)/C=C/c1ccc2ccccc2c1,9240.0,uM
CHEMBL1242482,O=C(O)c1ccc(C(=O)/C(=C\c2ccc(F)c([N+](=O)[O-])c2)SCc2ccc(Br)cc2)cc1,10000.0,uM
CHEMBL1630107,O=C(/C=C/c1ccc(-c2ccc3ncnc(Nc4ccc(OCc5cccc(F)c5)c(Cl)c4)c3c2)o1)NO,4.1,uM
CHEMBL1630108,O=C(/C=C/c1ccc(-c2ccc3ncnc(Nc4ccc(OCc5cccc(F)c5)c(Cl)c4)c3c2)s1)NO,3.5,uM
CHEMBL1630109,O=C(/C=C/c1cccc(-c2ccc3ncnc(Nc4ccc(OCc5cccc(F)c5)c(Cl)c4)c3c2)c1)NO,11.0,uM
CHEMBL1630110,O=C(/C=C/c1ccc(-c2ccc3ncnc(Nc4ccc(OCc5cccc(F)c5)c(Cl)c4)c3c2)cc1)NO,12.0,uM
CHEMBL1630111,Nc1ccccc1NC(=O)c1ccc(-c2ccc3ncnc(Nc4ccc(OCc5cccc(F)c5)c(Cl)c4)c3c2)o1,5.7,uM
CHEMBL1630112,Nc1ccccc1NC(=O)c1ccc(-c2ccc3ncnc(Nc4ccc(OCc5cccc(F)c5)c(Cl)c4)c3c2)s1,4.9,uM
CHEMBL1630113,Nc1ccccc1NC(=O)/C=C/c1ccc(-c2ccc3ncnc(Nc4ccc(OCc5cccc(F)c5)c(Cl)c4)c3c2)o1,8.7,uM
CHEMBL1630114,Nc1ccccc1NC(=O)/C=C/c1cccc(-c2ccc3ncnc(Nc4ccc(OCc5cccc(F)c5)c(Cl)c4)c3c2)c1,14.0,uM
CHEMBL1630115,Nc1ccccc1NC(=O)/C=C/c1ccc(-c2ccc3ncnc(Nc4ccc(OCc5cccc(F)c5)c(Cl)c4)c3c2)cc1,15.0,uM
CHEMBL1630116,Nc1ccccc1NC(=O)CCc1ccc(-c2ccc3ncnc(Nc4ccc(OCc5cccc(F)c5)c(Cl)c4)c3c2)cc1,4.7,uM
CHEMBL1630117,O=C(NO)c1ccc(-c2ccc3ncnc(Nc4ccc(OCc5cccc(F)c5)c(Cl)c4)c3c2)o1,2.0,uM
CHEMBL1630118,O=C(NO)c1ccc(-c2ccc3ncnc(Nc4ccc(OCc5cccc(F)c5)c(Cl)c4)c3c2)s1,3.5,uM
CHEMBL1645462,Cc1c(NC(=O)OC[C@@H]2COCCN2)cn2ncnc(Nc3ccc4c(cnn4Cc4cccc(F)c4)c3)c12,23.0,uM
CHEMBL1645473,NC1CCN(Cc2ccn3ncnc(Nc4cccc(Cl)c4)c23)CC1,4.0,uM
CHEMBL1645474,NC1CCN(Cc2ccn3ncnc(Nc4cccc(Br)c4)c23)CC1,4.0,uM
CHEMBL1645470,Cc1cccc(Nc2ncnn3ccc(CN4CCC(N)CC4)c23)c1,5.0,uM
CHEMBL1645471,Cc1ccc(Nc2ncnn3ccc(CN4CCC(N)CC4)c23)cc1,6.0,uM
CHEMBL1645472,NC1CCN(Cc2ccn3ncnc(Nc4cccc(F)c4)c23)CC1,6.0,uM
CHEMBL1645476,NC1CCN(Cc2ccn3ncnc(Nc4ccc(F)c(Cl)c4)c23)CC1,6.0,uM
CHEMBL1645466,C#Cc1cccc(Nc2ncnn3ccc(CN4CCC(N)CC4)c23)c1,7.0,uM
CHEMBL1645467,NC1CCN(Cc2ccn3ncnc(Nc4ccccc4)c23)CC1,9.0,uM
CHEMBL1645465,C#Cc1cccc(Nc2ncnn3ccc(COC[C@@H]4CNCCO4)c23)c1,20.0,uM
CHEMBL1645469,Cc1ccccc1Nc1ncnn2ccc(CN3CCC(N)CC3)c12,20.0,uM
CHEMBL1645475,NC1CCN(Cc2ccn3ncnc(Nc4cc(Cl)cc(Cl)c4)c23)CC1,34.0,uM
CHEMBL1645477,COc1ccc(Nc2ncnn3ccc(CN4CCC(N)CC4)c23)cc1Cl,70.0,uM
CHEMBL1645464,Cn1ncc2cc(Nc3ncnn4ccc(CN5CCC(N)CC5)c34)ccc21,360.0,uM
CHEMBL1645468,CC(C)Nc1ncnn2ccc(CN3CCC(N)CC3)c12,880.0,uM
CHEMBL1645463,Cn1ncc2cc(Nc3ncnn4ccc(COC[C@@H]5CNCCO5)c34)ccc21,1000.0,uM
CHEMBL2012519,COc1cc(O)c2c(c1)CCC[C@H](O)[C@H](O)C(=O)/C=C\C[C@H](C)OC2=O,10000.0,uM
CHEMBL1651521,COc1cc(O)c2c(c1)CCC[C@H](O)CC(=O)/C=C\C[C@H](C)OC2=O,10000.0,uM
CHEMBL1683949,Cc1cc(Nc2ccc(OCc3cccc(F)c3)c(Cl)c2)ncn1,6500.0,uM
CHEMBL1683950,Fc1cccc(COc2ccc(Nc3cc(-c4ccccc4)ncn3)cc2Cl)c1,6300.0,uM
CHEMBL1683951,Fc1cccc(COc2ccc(Nc3cc(-c4cccnc4)ncn3)cc2Cl)c1,100000.0,uM
CHEMBL1683952,Fc1cccc(COc2ccc(Nc3cc(-c4ccsc4)ncn3)cc2Cl)c1,36000.0,uM
CHEMBL1683953,Fc1cccc(COc2ccc(Nc3cc(N4CCCC4)ncn3)cc2Cl)c1,100000.0,uM
CHEMBL1683954,Fc1cccc(COc2ccc(Nc3cc(Oc4ccccc4)ncn3)cc2Cl)c1,100000.0,uM
CHEMBL1683955,Cc1ncnc(Nc2ccc(OCc3cccc(F)c3)c(Cl)c2)c1C,140.0,uM
CHEMBL1683956,CCc1ncnc(Nc2ccc(OCc3cccc(F)c3)c(Cl)c2)c1C,2900.0,uM
CHEMBL1683957,Cc1c(Nc2ccc(OCc3cccc(F)c3)c(Cl)c2)ncnc1-c1ccccc1,65000.0,uM
CHEMBL1683958,Cc1ncnc(Nc2ccc(OCc3cccc(F)c3)c(Cl)c2)c1/C=N/OCCN1CCOCC1,740.0,uM
CHEMBL1683959,Cc1ncnc(Nc2ccc(OCc3cccc(F)c3)c(Cl)c2)c1/C=N/OCCCN1CCOCC1,1800.0,uM
CHEMBL1683960,Cc1ncnc(Nc2ccc(OCc3cccc(F)c3)c(Cl)c2)c1-c1cccc(CN2CCOCC2)c1,3750.0,uM
CHEMBL1683961,Cc1ncnc(Nc2ccc(OCc3cccc(F)c3)c(Cl)c2)c1C#CCCCN1CCOCC1,150.0,uM
CHEMBL1683962,Cc1ncnc(Nc2ccc(OCc3cccc(F)c3)c(Cl)c2)c1C#Cc1ccc(CN2CCOCC2)cc1,440.0,uM
CHEMBL1683963,C/C(=C\c1c(C)ncnc1Nc1ccc(OCc2cccc(F)c2)c(Cl)c1)C(=O)NCCN1CCOCC1,81.0,uM
CHEMBL1683964,Cc1ncnc(Nc2ccc(OCc3cccc(F)c3)c(Cl)c2)c1/C=C/c1ccc(CN2CCOCC2)cc1,190.0,uM
CHEMBL1683965,Cc1ncnc(Nc2ccc(OCc3cccc(F)c3)c(Cl)c2)c1/C=C(\F)C(=O)NCCN1CCOCC1,78.0,uM
CHEMBL1683966,Cc1ncnc(Nc2ccc(OCc3cccc(F)c3)c(Cl)c2)c1/C=C/C(=O)NCCN1CCOCC1,318.0,uM
CHEMBL1683967,Cc1ncnc(Nc2ccc(OCc3cccc(F)c3)c(Cl)c2)c1/C=C(\F)C(=O)NCCN1CCCC1,19.0,uM
CHEMBL1683968,Cc1ncnc(Nc2ccc(OCc3cccc(F)c3)c(Cl)c2)c1/C=C(\F)C(=O)NCCS(C)(=O)=O,71.0,uM
CHEMBL1683969,CCN1CCN(C(=O)/C(F)=C/c2c(C)ncnc2Nc2ccc(OCc3cccc(F)c3)c(Cl)c2)CC1,102.0,uM
CHEMBL1683970,Cc1ncnc(Nc2ccc(OCc3cccc(F)c3)c(Cl)c2)c1C#CCCN1CCOCC1,74.0,uM
CHEMBL1683971,Cc1ncnc(Nc2ccc(OCc3cccc(F)c3)c(Cl)c2)c1C#CCN1CCOCC1,5380.0,uM
CHEMBL1683972,Cc1ncnc(Nc2ccc(OCc3cccc(F)c3)c(Cl)c2)c1C#C/C=N/OCCN1CCOCC1,70.0,uM
CHEMBL1683973,Cc1ncnc(Nc2ccc(OCc3cccc(F)c3)c(Cl)c2)c1C#CCCCN1CCCC1,95.0,uM
CHEMBL1683974,CCN1CCN(CCCC#Cc2c(C)ncnc2Nc2ccc(OCc3cccc(F)c3)c(Cl)c2)CC1,36.0,uM
CHEMBL1683975,Cc1ncnc(Nc2ccc(OCc3cccc(F)c3)c(Cl)c2)c1C#CCCNCc1ccccc1,810.0,uM
CHEMBL1779202,CC1(C)c2cc(C3CCN(C4COC4)CC3)ccc2C(=O)c2c1[nH]c1cc(C#N)ccc21,50000.0,uM
CHEMBL1784725,CCOC(=O)C1=C2C(=NC1=O)c1cccc3cccc2c13,10000.0,uM
CHEMBL1807446,Cc1ccc(C(=O)NC2CC2)cc1Nc1ncnn2cc(C(=O)c3ccccc3)c(C)c12,25000.0,uM
CHEMBL1823221,CCc1cc2c(cc1N1CCN(C3COC3)CC1)C(C)(C)c1[nH]c3cc(C#N)ccc3c1C2=O,50000.0,uM
CHEMBL1828860,Cc1ncc([N+](=O)[O-])n1CC(=O)NS(=O)(=O)c1ccccc1,4210.0,uM
CHEMBL1828861,Cc1ccc(S(=O)(=O)NC(=O)Cn2c([N+](=O)[O-])cnc2C)cc1,4760.0,uM
CHEMBL1828862,Cc1ncc([N+](=O)[O-])n1CC(=O)NS(=O)(=O)c1ccc(F)cc1,1530.0,uM
CHEMBL1828863,Cc1ncc([N+](=O)[O-])n1CC(=O)NS(=O)(=O)c1ccc(Cl)cc1,3410.0,uM
CHEMBL1828864,Cc1ncc([N+](=O)[O-])n1CC(=O)NS(=O)(=O)c1ccc(Br)cc1,3590.0,uM
CHEMBL1828865,O=C(Cc1ccc(F)cc1)NS(=O)(=O)c1ccccc1,8410.0,uM
CHEMBL1828866,Cc1ccc(S(=O)(=O)NC(=O)Cc2ccc(F)cc2)cc1,10530.0,uM
CHEMBL1828867,O=C(Cc1ccc(F)cc1)NS(=O)(=O)c1ccc(F)cc1,7020.0,uM
CHEMBL1828868,O=C(Cc1ccc(F)cc1)NS(=O)(=O)c1ccc(Cl)cc1,7560.0,uM
CHEMBL1828869,O=C(Cc1ccc(F)cc1)NS(=O)(=O)c1ccc(Br)cc1,8180.0,uM
CHEMBL1828870,O=C(Cc1ccc(Cl)cc1)NS(=O)(=O)c1ccccc1,13070.0,uM
CHEMBL1828871,Cc1ccc(S(=O)(=O)NC(=O)Cc2ccc(Cl)cc2)cc1,15570.0,uM
CHEMBL1828872,O=C(Cc1ccc(Cl)cc1)NS(=O)(=O)c1ccc(F)cc1,11050.0,uM
CHEMBL1828873,O=C(Cc1ccc(Cl)cc1)NS(=O)(=O)c1ccc(Cl)cc1,13320.0,uM
CHEMBL1828874,O=C(Cc1ccc(Cl)cc1)NS(=O)(=O)c1ccc(Br)cc1,13560.0,uM
CHEMBL1828875,O=C(Cc1ccc(Br)cc1)NS(=O)(=O)c1ccccc1,19050.0,uM
CHEMBL1828876,Cc1ccc(S(=O)(=O)NC(=O)Cc2ccc(Br)cc2)cc1,20330.0,uM
CHEMBL1828877,O=C(Cc1ccc(Br)cc1)NS(=O)(=O)c1ccc(F)cc1,16260.0,uM
CHEMBL1828878,O=C(Cc1ccc(Br)cc1)NS(=O)(=O)c1ccc(Cl)cc1,18940.0,uM
CHEMBL1828879,O=C(Cc1ccc(Br)cc1)NS(=O)(=O)c1ccc(Br)cc1,19830.0,uM
CHEMBL1828880,COc1ccc(CC(=O)NS(=O)(=O)c2ccccc2)cc1,29070.0,uM
CHEMBL1828881,COc1ccc(CC(=O)NS(=O)(=O)c2ccc(C)cc2)cc1,50000.0,uM
CHEMBL1828882,COc1ccc(CC(=O)NS(=O)(=O)c2ccc(F)cc2)cc1,23450.0,uM
CHEMBL1828883,COc1ccc(CC(=O)NS(=O)(=O)c2ccc(Cl)cc2)cc1,37930.0,uM
CHEMBL1828884,COc1ccc(CC(=O)NS(=O)(=O)c2ccc(Br)cc2)cc1,25030.0,uM
CHEMBL1829271,O=C(Cc1cccc(Br)c1)NS(=O)(=O)c1ccccc1,26330.0,uM
CHEMBL1829272,Cc1ccc(S(=O)(=O)NC(=O)Cc2cccc(Br)c2)cc1,27890.0,uM
CHEMBL1829273,O=C(Cc1cccc(Br)c1)NS(=O)(=O)c1ccc(F)cc1,20450.0,uM
CHEMBL1829274,O=C(Cc1cccc(Br)c1)NS(=O)(=O)c1ccc(Cl)cc1,23460.0,uM
CHEMBL1829275,O=C(Cc1cccc(Br)c1)NS(=O)(=O)c1ccc(Br)cc1,27380.0,uM
CHEMBL1834657,CCN1CCN(c2ccc(Nc3cc(N(C)C(=O)Nc4c(Cl)c(OC)cc(OC)c4Cl)ncn3)cc2)CC1.O=P(O)(O)O,10000.0,uM
CHEMBL221753,CC(C)(C)CC(C)(C)c1ccc(OCCOCC[N+](C)(C)Cc2ccccc2)cc1.[Cl-],2084.0,uM
CHEMBL319244,O=C(/C=C/c1ccc(O)c(O)c1)OCCc1ccccc1,1329.0,uM
CHEMBL31184,c1ccc2c(c1)cc1ccc3cccc4ccc2c1c34,41503.0,uM
CHEMBL1016,CCOc1nc2cccc(C(=O)O)c2n1Cc1ccc(-c2ccccc2-c2nnn[nH]2)cc1,5947.2,uM
CHEMBL290106,Oc1c(Cl)cc(Cl)cc1Sc1cc(Cl)cc(Cl)c1O,2147.0,uM
CHEMBL296419,COc1ccc(CCN2CCC(Nc3nc4ccccc4n3Cc3ccc(F)cc3)CC2)cc1,13084.0,uM
CHEMBL633,CCCCc1oc2ccccc2c1C(=O)c1cc(I)c(OCCN(CC)CC)c(I)c1,9148.0,uM
CHEMBL305660,CC(C)(C)c1ccc(C(=O)CCCN2CCC(OC(c3ccccc3)c3ccccc3)CC2)cc1,1057.5,uM
CHEMBL808,Clc1ccc(COC(Cn2ccnc2)c2ccc(Cl)cc2Cl)cc1,13904.0,uM
CHEMBL496,Oc1c(Cl)cc(Cl)c(Cl)c1Cc1c(O)c(Cl)cc(Cl)c1Cl,3318.8,uM
CHEMBL53463,COc1cccc2c1C(=O)c1c(O)c3c(c(O)c1C2=O)C[C@@](O)(C(=O)CO)C[C@@H]3O[C@H]1C[C@H](N)[C@H](O)[C@H](C)O1,2485.0,uM
CHEMBL726,OCCN1CCN(CCCN2c3ccccc3Sc3ccc(C(F)(F)F)cc32)CC1,19570.0,uM
CHEMBL334255,CCCCCCCCCCCCCCCC[n+]1ccccc1.[Br-],1878.0,uM
CHEMBL2221249,CC(C)CCCCC(=O)N[C@@H](CCN)C(=O)N[C@@H](CN[C@@H](CCN)C(=O)N[C@H]1CCNC(=O)[C@H]([C@@H](C)O)NC(=O)[C@H](CCN)NC(=O)[C@H](CCN)NC(=O)[C@H](CC(C)C)NC(=O)[C@@H](CC(C)C)NC(=O)[C@H](CCN)NC1=O)[C@@H](C)O.CCC(C)CCCCC(=O)N[C@@H](CCN)C(=O)N[C@@H](CN[C@@H](CCN)C(=O)N[C@H]1CCNC(=O)[C@H]([C@@H](C)O)NC(=O)[C@H](CCN)NC(=O)[C@H](CCN)NC(=O)[C@H](CC(C)C)NC(=O)[C@@H](CC(C)C)NC(=O)[C@H](CCN)NC1=O)[C@@H](C)O,2227.0,uM
CHEMBL12131,Cc1cc(C(C#N)c2ccc(Cl)cc2)c(Cl)cc1NC(=O)c1cc(I)cc(I)c1O,2468.0,uM
CHEMBL104,Clc1ccccc1C(c1ccccc1)(c1ccccc1)n1ccnc1,66405.0,uM
CHEMBL954,CCN(CC)CCOc1ccc(/C(=C(/Cl)c2ccccc2)c2ccccc2)cc1,1669.0,uM
CHEMBL71,CN(C)CCCN1c2ccccc2Sc2ccc(Cl)cc21,19366.0,uM
CHEMBL428647,CC(=O)O[C@H]1C(=O)[C@@]2(C)[C@H]([C@H](OC(=O)c3ccccc3)[C@]3(O)C[C@H](OC(=O)[C@H](O)[C@@H](NC(=O)c4ccccc4)c4ccccc4)C(C)=C1C3(C)C)[C@]1(OC(C)=O)CO[C@@H]1C[C@@H]2O,11108.0,uM
CHEMBL58,O=C1c2c(O)ccc(O)c2C(=O)c2c(NCCNCCO)ccc(NCCNCCO)c21,2035.2,uM
CHEMBL91,Clc1ccc(COC(Cn2ccnc2)c2ccc(Cl)cc2Cl)c(Cl)c1,27430.0,uM
CHEMBL86754,Oc1c(I)cc(I)c2cccnc12,8577.0,uM
CHEMBL24944,O=C(Nc1ccc(Br)cc1)c1cc(Br)cc(Br)c1O,5970.0,uM
CHEMBL83,CC/C(=C(\c1ccccc1)c1ccc(OCCN(C)C)cc1)c1ccccc1,2949.0,uM
CHEMBL10,C[S+]([O-])c1ccc(-c2nc(-c3ccc(F)cc3)c(-c3ccncc3)[nH]2)cc1,18896.0,uM
CHEMBL1934621,Cc1ncnc(Nc2ccc(OCc3cccc(F)c3)c(Cl)c2)c1C#Cc1ccccc1,750.0,uM
CHEMBL1934622,Cc1ncnc(Nc2ccc(OCc3cccc(F)c3)c(Cl)c2)c1C#Cc1ccc(CNCCS(C)(=O)=O)cc1,220.0,uM
CHEMBL1934623,Cc1ncnc(Nc2ccc(OCc3cccc(F)c3)c(Cl)c2)c1C#Cc1ccc(CNC(C)C)cc1,18.0,uM
CHEMBL1934624,Cc1ncnc(Nc2ccc(OCc3cccc(F)c3)c(Cl)c2)c1C#Cc1ccc(CN2CCCC2)cc1,41.0,uM
CHEMBL1934625,Cc1ncnc(Nc2ccc(OCc3cccc(F)c3)c(Cl)c2)c1C#Cc1ccc(CN(C)C)cc1,41.0,uM
CHEMBL1934626,Cc1ncnc(Nc2ccc(OCc3cccc(F)c3)c(Cl)c2)c1C#Cc1ccc(CN2CCCC2)c(F)c1,62.0,uM
CHEMBL1934627,Cc1ncnc(Nc2ccc(OCc3cccc(F)c3)c(Cl)c2)c1C#Cc1ccc(CN2CCCC2)o1,140.0,uM
CHEMBL1934628,Cc1ncnc(Nc2ccc(OCc3cccc(F)c3)c(Cl)c2)c1C#Cc1ccc(CN2CCCC2)s1,180.0,uM
CHEMBL1934629,Cc1ncnc(Nc2ccc(OCc3cccc(F)c3)c(Cl)c2)c1C#Cc1ncc(CN2CCCC2)s1,110.0,uM
CHEMBL1933083,Cc1ncnc(Nc2ccc(OCc3cccc(F)c3)c(Cl)c2)c1C#Cc1cccc(CN(C)C)c1,73.0,uM
CHEMBL1934630,Cc1ncnc(Nc2ccc(OCc3cccc(F)c3)c(Cl)c2)c1C#CCOc1ccc(CNC(C)C)cc1,130.0,uM
CHEMBL1934631,Cc1ncnc(Nc2ccc(OCc3cccc(F)c3)c(Cl)c2)c1/C=C/c1ccc(CNCCS(C)(=O)=O)cc1,120.0,uM
CHEMBL1934632,Cc1ncnc(Nc2ccc(OCc3cccc(F)c3)c(Cl)c2)c1/C=C/c1ccc(CNC(C)C)cc1,30.0,uM
CHEMBL1934633,Cc1ncnc(Nc2ccc(OCc3cccc(F)c3)c(Cl)c2)c1/C=C/c1ccc(CNC2CC2)cc1,86.0,uM
CHEMBL1945559,Cn1c2c(c3ccc(Cl)c(Cl)c31)C(C#N)C1(CCNCC1)NC2=O,10000.0,uM
CHEMBL261849,COc1ccc(COc2ccc(Cc3cnc(N)nc3N)cc2OC)cc1,24000.0,uM
CHEMBL1958019,O=C1CSC(N2N=C(c3ccccc3)CC2c2ccccc2)=N1,5120.0,uM
CHEMBL1958020,O=C1CSC(N2N=C(c3ccccc3)CC2c2ccc(F)cc2)=N1,6350.0,uM
CHEMBL1958021,O=C1CSC(N2N=C(c3ccccc3)CC2c2ccc(Cl)cc2)=N1,4830.0,uM
CHEMBL1958022,O=C1CSC(N2N=C(c3ccccc3)CC2c2ccc(Br)cc2)=N1,3050.0,uM
CHEMBL1958023,Cc1ccc(C2CC(c3ccccc3)=NN2C2=NC(=O)CS2)cc1,4640.0,uM
CHEMBL1958024,COc1ccc(C2CC(c3ccccc3)=NN2C2=NC(=O)CS2)cc1,6210.0,uM
CHEMBL1958025,O=C1CSC(N2N=C(c3ccc(F)cc3)CC2c2ccccc2)=N1,10530.0,uM
CHEMBL1958026,O=C1CSC(N2N=C(c3ccc(F)cc3)CC2c2ccc(F)cc2)=N1,18120.0,uM
CHEMBL1958027,O=C1CSC(N2N=C(c3ccc(F)cc3)CC2c2ccc(Cl)cc2)=N1,13160.0,uM
CHEMBL1958028,O=C1CSC(N2N=C(c3ccc(F)cc3)CC2c2ccc(Br)cc2)=N1,6240.0,uM
CHEMBL1958029,Cc1ccc(C2CC(c3ccc(F)cc3)=NN2C2=NC(=O)CS2)cc1,10260.0,uM
CHEMBL1958030,COc1ccc(C2CC(c3ccc(F)cc3)=NN2C2=NC(=O)CS2)cc1,12430.0,uM
CHEMBL1958031,O=C1CSC(N2N=C(c3ccc(Cl)cc3)CC2c2ccccc2)=N1,7050.0,uM
CHEMBL1958032,O=C1CSC(N2N=C(c3ccc(Cl)cc3)CC2c2ccc(F)cc2)=N1,16420.0,uM
CHEMBL1958033,O=C1CSC(N2N=C(c3ccc(Cl)cc3)CC2c2ccc(Cl)cc2)=N1,9960.0,uM
CHEMBL1958034,O=C1CSC(N2N=C(c3ccc(Cl)cc3)CC2c2ccc(Br)cc2)=N1,3840.0,uM
CHEMBL1958035,Cc1ccc(C2CC(c3ccc(Cl)cc3)=NN2C2=NC(=O)CS2)cc1,8130.0,uM
CHEMBL1958036,COc1ccc(C2CC(c3ccc(Cl)cc3)=NN2C2=NC(=O)CS2)cc1,10340.0,uM
CHEMBL1958037,O=C1CSC(N2N=C(c3ccc(Br)cc3)CC2c2ccccc2)=N1,4870.0,uM
CHEMBL1958038,O=C1CSC(N2N=C(c3ccc(Br)cc3)CC2c2ccc(F)cc2)=N1,8140.0,uM
CHEMBL1958039,O=C1CSC(N2N=C(c3ccc(Br)cc3)CC2c2ccc(Cl)cc2)=N1,5870.0,uM
CHEMBL1958209,O=C1CSC(N2N=C(c3ccc(Br)cc3)CC2c2ccc(Br)cc2)=N1,3650.0,uM
CHEMBL1958210,Cc1ccc(C2CC(c3ccc(Br)cc3)=NN2C2=NC(=O)CS2)cc1,7040.0,uM
CHEMBL1958211,COc1ccc(C2CC(c3ccc(Br)cc3)=NN2C2=NC(=O)CS2)cc1,9270.0,uM
CHEMBL1958212,Cc1ccc(C2=NN(C3=NC(=O)CS3)C(c3ccccc3)C2)cc1,2240.0,uM
CHEMBL1958213,Cc1ccc(C2=NN(C3=NC(=O)CS3)C(c3ccc(F)cc3)C2)cc1,3530.0,uM
CHEMBL1958214,Cc1ccc(C2=NN(C3=NC(=O)CS3)C(c3ccc(Cl)cc3)C2)cc1,3110.0,uM
CHEMBL1958215,Cc1ccc(C2=NN(C3=NC(=O)CS3)C(c3ccc(Br)cc3)C2)cc1,1070.0,uM
CHEMBL1958216,Cc1ccc(C2=NN(C3=NC(=O)CS3)C(c3ccc(C)cc3)C2)cc1,2520.0,uM
CHEMBL1958217,COc1ccc(C2CC(c3ccc(C)cc3)=NN2C2=NC(=O)CS2)cc1,6230.0,uM
CHEMBL1958218,COc1ccc(C2=NN(C3=NC(=O)CS3)C(c3ccccc3)C2)cc1,4120.0,uM
CHEMBL1958219,COc1ccc(C2=NN(C3=NC(=O)CS3)C(c3ccc(F)cc3)C2)cc1,8040.0,uM
CHEMBL1958220,COc1ccc(C2=NN(C3=NC(=O)CS3)C(c3ccc(Cl)cc3)C2)cc1,7590.0,uM
CHEMBL1958221,COc1ccc(C2=NN(C3=NC(=O)CS3)C(c3ccc(Br)cc3)C2)cc1,2750.0,uM
CHEMBL1958222,COc1ccc(C2=NN(C3=NC(=O)CS3)C(c3ccc(C)cc3)C2)cc1,7350.0,uM
CHEMBL1958223,COc1ccc(C2=NN(C3=NC(=O)CS3)C(c3ccc(OC)cc3)C2)cc1,10480.0,uM
CHEMBL1957190,CC(C)n1c2c(c3c1-c1ccccc1C3=O)C(=O)CCC2,35000.0,uM
CHEMBL6246,O=c1oc2c(O)c(O)cc3c(=O)oc4c(O)c(O)cc1c4c23,3540.0,uM
CHEMBL2031311,CCOc1cc2ncc(C#N)c(Nc3ccc(OCc4ccccn4)c(Cl)c3)c2cc1NC(=O)CCN(C)C,970.0,uM
CHEMBL2031312,CCOc1cc2ncc(C#N)c(Nc3ccc(OCc4ccccn4)c(Cl)c3)c2cc1NC(=O)CCN1CCCCC1,980.0,uM
CHEMBL2071457,C[C@H](NC(=O)c1cc(-c2cnn(C3CCOCC3)c2)cnc1N)c1c(Cl)ccc(F)c1Cl,10000.0,uM
CHEMBL2070191,Clc1cccc(Nc2ncnc3ccc(NCc4ccc5c(c4)OCO5)cc23)c1,6500.0,uM
CHEMBL2070198,Brc1cccc(Nc2ncnc3ccc(NCc4ccc5c(c4)OCCCO5)cc23)c1,4800.0,uM
CHEMBL2070201,Clc1cccc(Nc2ncnc3ccc(NCc4ccc5c(c4)OCCCCO5)cc23)c1,10000.0,uM
CHEMBL2159053,COc1ccc(C2=NN(C(=O)c3ccc(Cl)cc3O)C(c3ccc(Cl)cc3)C2)cc1,25000.0,uM
CHEMBL2178352,CN1CCN(c2ccc(Nc3ncc4nc(Nc5ccccc5)n(C5CCCC5)c4n3)cc2)CC1,60.0,uM
CHEMBL2205030,O=S1(=O)N=S(c2ccc(Br)cc2)c2ccncc21,590.0,uM
CHEMBL605161,O=[N+]([O-])c1ccc2c(c1)S(=O)(=O)N=S2c1ccc(Br)cc1,2000.0,uM
CHEMBL2205028,O=S1(=O)N=S(c2ccc(Br)cc2)c2ccc(NS(=O)(=O)c3ccccc3)cc21,40000.0,uM
CHEMBL2205027,CS(=O)(=O)Nc1ccc2c(c1)S(=O)(=O)N=S2c1ccc(Br)cc1,40000.0,uM
CHEMBL2205026,N#Cc1ccc2c(c1)S(=O)(=O)N=S2c1ccc(Br)cc1,3000.0,uM
CHEMBL2205025,O=S1(=O)N=S(c2ccc(Br)cc2)c2ccc(C(F)(F)F)cc21,40000.0,uM
CHEMBL1917092,COC(=O)c1ccc2c(c1)S(=O)(=O)N=S2c1ccc(Br)cc1,1000.0,uM
CHEMBL1917093,NC(=O)c1ccc2c(c1)S(=O)(=O)N=S2c1ccc(Br)cc1,40000.0,uM
CHEMBL2205024,O=S1(=O)N=S(c2ccc(Br)cc2)c2ccc(F)cc21,40000.0,uM
CHEMBL2316785,Brc1ccc(C2=NN(c3nc(-c4ccc(Br)cc4)cs3)C(c3ccc4c(c3)OCCO4)C2)cc1,460.0,uM
CHEMBL2316784,COc1ccc(-c2csc(N3N=C(c4ccc(Br)cc4)CC3c3ccc4c(c3)OCCO4)n2)cc1,1320.0,uM
CHEMBL2316777,Cc1ccc(C2=NN(c3nc(-c4ccc(Br)cc4)cs3)C(c3ccc4c(c3)OCO4)C2)cc1,2230.0,uM
CHEMBL2311747,Brc1ccc(C2=NN(c3nc(-c4ccc(Br)cc4)cs3)C(c3ccc4c(c3)OCO4)C2)cc1,180.0,uM
CHEMBL2316794,COc1ccc(-c2csc(N3N=C(c4ccc(Br)cc4)CC3c3ccc4c(c3)OCO4)n2)cc1,850.0,uM
CHEMBL2316793,Clc1ccc(C2=NN(c3nc(-c4ccc(Br)cc4)cs3)C(c3ccc4c(c3)OCO4)C2)cc1,2380.0,uM
CHEMBL1173814,COc1ccc(C2CC(c3ccc(C)c(C)c3)=NN2C(N)=S)cc1,2770.0,uM
CHEMBL1173667,NC(=S)N1N=C(c2ccc(Cl)c(Cl)c2)CC1c1ccc(O)cc1,6580.0,uM
CHEMBL2325101,Clc1ccc(C2=NN(c3ccccc3)C(c3ccc4ccccc4c3)C2)cc1Cl,1020.0,uM
CHEMBL2325100,Cc1ccc(C2=NN(c3ccccc3)C(c3ccc4ccccc4c3)C2)cc1,1130.0,uM
CHEMBL2325099,COc1ccc(C2=NN(c3ccccc3)C(c3ccc4ccccc4c3)C2)cc1,1450.0,uM
CHEMBL2325098,Brc1ccc(C2=NN(c3ccccc3)C(c3ccc4ccccc4c3)C2)cc1,1280.0,uM
CHEMBL2325097,Clc1ccc(C2=NN(c3ccccc3)C(c3ccc4ccccc4c3)C2)cc1,1460.0,uM
CHEMBL2325096,Fc1ccc(C2=NN(c3ccccc3)C(c3ccc4ccccc4c3)C2)cc1,2010.0,uM
CHEMBL2325095,c1ccc(C2=NN(c3ccccc3)C(c3ccc4ccccc4c3)C2)cc1,1890.0,uM
CHEMBL2325094,Clc1ccc(C2=NN(c3ccccc3)C(c3cccc4ccccc34)C2)cc1Cl,1980.0,uM
CHEMBL2325093,Cc1ccc(C2=NN(c3ccccc3)C(c3cccc4ccccc34)C2)cc1,1910.0,uM
CHEMBL2325092,COc1ccc(C2=NN(c3ccccc3)C(c3cccc4ccccc34)C2)cc1,3010.0,uM
CHEMBL2325091,Brc1ccc(C2=NN(c3ccccc3)C(c3cccc4ccccc34)C2)cc1,2320.0,uM
CHEMBL2325090,Clc1ccc(C2=NN(c3ccccc3)C(c3cccc4ccccc34)C2)cc1,3070.0,uM
CHEMBL2325089,Fc1ccc(C2=NN(c3ccccc3)C(c3cccc4ccccc34)C2)cc1,3590.0,uM
CHEMBL2325088,c1ccc(C2=NN(c3ccccc3)C(c3cccc4ccccc34)C2)cc1,3830.0,uM
CHEMBL2325087,NC(=S)N1N=C(c2ccc(Cl)c(Cl)c2)CC1c1ccc2ccccc2c1,880.0,uM
CHEMBL2324873,Cc1ccc(C2=NN(C(N)=S)C(c3ccc4ccccc4c3)C2)cc1,1040.0,uM
CHEMBL2324872,COc1ccc(C2=NN(C(N)=S)C(c3ccc4ccccc4c3)C2)cc1,3280.0,uM
CHEMBL2324871,NC(=S)N1N=C(c2ccc(Br)cc2)CC1c1ccc2ccccc2c1,1210.0,uM
CHEMBL2324870,NC(=S)N1N=C(c2ccc(Cl)cc2)CC1c1ccc2ccccc2c1,3870.0,uM
CHEMBL2325110,NC(=S)N1N=C(c2ccc(F)cc2)CC1c1ccc2ccccc2c1,1750.0,uM
CHEMBL2325109,NC(=S)N1N=C(c2ccccc2)CC1c1ccc2ccccc2c1,5690.0,uM
CHEMBL2325108,NC(=S)N1N=C(c2ccc(Cl)c(Cl)c2)CC1c1cccc2ccccc12,6840.0,uM
CHEMBL2325107,Cc1ccc(C2=NN(C(N)=S)C(c3cccc4ccccc34)C2)cc1,6680.0,uM
CHEMBL2325106,COc1ccc(C2=NN(C(N)=S)C(c3cccc4ccccc34)C2)cc1,4180.0,uM
CHEMBL2325105,NC(=S)N1N=C(c2ccc(Br)cc2)CC1c1cccc2ccccc12,9150.0,uM
CHEMBL2325104,NC(=S)N1N=C(c2ccc(Cl)cc2)CC1c1cccc2ccccc12,5460.0,uM
CHEMBL2325103,NC(=S)N1N=C(c2ccc(F)cc2)CC1c1cccc2ccccc12,10630.0,uM
CHEMBL2325102,NC(=S)N1N=C(c2ccccc2)CC1c1cccc2ccccc12,7240.0,uM
CHEMBL2333163,O=C(NCCc1ccc(O)c(Br)c1)/C(Cc1cc(Br)c(O)c(Oc2ccc(CCNC(=O)/C(Cc3cc(Br)c(O)c(-c4cc(C/C(=N\O)C(=O)NCCc5ccc(O)c(Br)c5)cc(Br)c4O)c3)=N/O)cc2Br)c1)=N/O,2100.0,uM
CHEMBL505637,O=C(NCCc1ccc(O)c(Br)c1)/C(Cc1cc(Br)c(O)c(-c2cc(C/C(=N/O)C(=O)NCCc3ccc(O)c(Br)c3)cc(Br)c2O)c1)=N\O,2100.0,uM
CHEMBL510730,O=C1NCCc2cc(Br)c(O)c(c2)Oc2c(Br)cc(cc2Br)CCNC(=O)/C(=N/O)Cc2cc(Br)c(O)c(c2)Oc2c(Br)cc(cc2Br)C/C1=N\O,7000.0,uM
CHEMBL360190,O=C1N/C=C/c2ccc(c(Br)c2)Oc2cc(cc(Br)c2O)CCNC(=O)/C(=N/O)Cc2ccc(c(Br)c2)Oc2cc(cc(Br)c2O)C/C1=N\O,2800.0,uM
CHEMBL2333164,O=C1NCCc2ccc(O)c(c2)Oc2c(Br)cc(cc2Br)CCNC(=O)/C(=N/O)Cc2cc(Br)c(O)c(c2)Oc2c(Br)cc(cc2Br)C/C1=N\O,4500.0,uM
CHEMBL2332840,O=C(Nc1ccc(Oc2ncnc3[nH]ncc23)cc1)Nc1ccc(Cl)c(C(F)(F)F)c1,10000.0,uM
CHEMBL2333444,CN1c2ccc(NCc3ccc(C(C)(C)C)cc3)cc2-c2c(cnn2C)S1(=O)=O,10000.0,uM
CHEMBL2333435,CCc1ccc(-c2ccc3c(c2)-c2c(cnn2C)S(=O)(=O)N3C)cc1,10000.0,uM
CHEMBL2333445,CCc1ccc(-c2ccc3c(c2)-c2[nH]ncc2S(=O)(=O)N3C)cc1,10000.0,uM
CHEMBL2385963,Cc1ncc(C#N)c(Nc2ccc(OCc3ccccn3)c(Cl)c2)c1/C=C/c1ccc(CNCCS(C)(=O)=O)o1,10000.0,uM
CHEMBL2385962,Cc1ncc(C#N)c(Nc2ccc(OCc3ccccn3)c(Cl)c2)c1/C=C/c1cccc(NC(=O)/C=C/CN(C)C)c1,10000.0,uM
CHEMBL2385960,Cc1ncnc(Nc2ccc(OCc3cccc(F)c3)c(Cl)c2)c1C#Cc1ccc(CNCCS(C)(=O)=O)o1,10000.0,uM
CHEMBL2385959,Cc1ncnc(Nc2ccc(OCc3cccc(F)c3)c(Cl)c2)c1/C=C/c1ccc(CNCCS(C)(=O)=O)o1,10000.0,uM
CHEMBL2385994,Cc1ncnc(Nc2ccc(OCc3cccc(F)c3)c(Cl)c2)c1/C=C/c1cccc(NC(=O)/C=C/CN(C)C)c1,10000.0,uM
CHEMBL2408212,CNC(=O)CN(C)CCOc1cc2c(Nc3cccc(Cl)c3F)ncnc2cc1OC,1500.0,uM
CHEMBL2408211,CNC(=O)CN1CC(Oc2cc3c(Nc4cccc(Cl)c4F)ncnc3cc2OC)C1,1100.0,uM
CHEMBL2408210,CNC(=O)CN1CCC(Oc2cc3c(Nc4cccc(Cl)c4F)ncnc3cc2OC)C1,250.0,uM
CHEMBL2408209,CNC(=O)CN1CCCC(Oc2cc3c(Nc4cccc(Cl)c4F)ncnc3cc2OC)C1,230.0,uM
CHEMBL2408054,CNC(=O)CCN1CCC(Oc2cc3c(Nc4cccc(Cl)c4F)ncnc3cc2OC)CC1,550.0,uM
CHEMBL2408053,CNC(=O)CN1CCC(Oc2cc3c(Nc4cc(Cl)ccc4F)ncnc3cc2OC)CC1,860.0,uM
CHEMBL2408052,CNC(=O)CN1CCC(Oc2cc3c(Nc4cccc(Cl)c4)ncnc3cc2OC)CC1,360.0,uM
CHEMBL2408051,CNC(=O)CN1CCC(Oc2cc3c(Nc4ccc(F)c(Cl)c4F)ncnc3cc2OC)CC1,89.0,uM
CHEMBL2408050,CNC(=O)CN1CCC(Oc2cc3c(Nc4ccc(F)c(Cl)c4)ncnc3cc2OC)CC1,264.0,uM
CHEMBL2408049,COc1cc2ncnc(Nc3cccc(Cl)c3F)c2cc1OC1CCN(CC(=O)N(C)C)CC1,670.0,uM
CHEMBL2408048,COc1cc2ncnc(Nc3cccc(Cl)c3F)c2cc1OC1CCN(CC(=O)NC(C)C)CC1,410.0,uM
CHEMBL2408047,COCCNC(=O)CN1CCC(Oc2cc3c(Nc4cccc(Cl)c4F)ncnc3cc2OC)CC1,250.0,uM
CHEMBL2408046,CCNC(=O)CN1CCC(Oc2cc3c(Nc4cccc(Cl)c4F)ncnc3cc2OC)CC1,120.0,uM
CHEMBL2408045,CNC(=O)CN1CCC(Oc2cc3c(Nc4cccc(Cl)c4F)ncnc3cc2OC)CC1,60.0,uM
CHEMBL218677,COc1cc2ncnc(Nc3cccc(Cl)c3F)c2cc1OC1CCN(CC(N)=O)CC1,107.0,uM
CHEMBL3092314,CCN(CC)CCCNC(=O)Nc1cc2c(Nc3ccc(F)c(Cl)c3)ncnc2cc1O[C@H]1CCOC1,78.0,uM
CHEMBL3092308,O=C(NCCN1CCCC1)Nc1cc2c(Nc3ccc(F)c(Cl)c3)ncnc2cc1O[C@H]1CCOC1,112.0,uM
CHEMBL295316,CC1=CC(=O)c2c(O)cccc2C1=O,30800.0,uM
CHEMBL1699836,O=C1C(CO)=C(CO)C(=O)c2c(O)ccc(O)c21,11400.0,uM
CHEMBL1987813,O=C1C2=C(C(=O)c3c(O)ccc(O)c31)[C@@H](O)[C@@H](O)[C@@H](O)C2,10800.0,uM
CHEMBL3114690,C#Cc1cccc(Nc2ncnc3cc4c(cc23)N(C(=O)/C=C/CN(C)C)CCO4)c1,250.0,uM
CHEMBL3114689,C#Cc1cccc(Nc2ncnc3cc4c(cc23)N(C(=O)/C=C/CN2CCN(C)CC2)CCO4)c1,1110.0,uM
CHEMBL3114688,C#Cc1cccc(Nc2ncnc3cc4c(cc23)N(C(=O)/C=C/CN2CCCCC2)CCO4)c1,290.0,uM
CHEMBL3114687,C#Cc1cccc(Nc2ncnc3cc4c(cc23)N(C(=O)/C=C/CN(CC)CC)CCO4)c1,250.0,uM
CHEMBL3114686,C#Cc1cccc(Nc2ncnc3cc4c(cc23)N(C(=O)/C=C/CN2CCCCC2C)CCO4)c1,290.0,uM
CHEMBL3114701,C#Cc1cccc(Nc2ncnc3cc4c(cc23)N(C(=O)/C=C/CN2CCC(C)CC2)CCO4)c1,330.0,uM
CHEMBL3114700,C#Cc1cccc(Nc2ncnc3cc4c(cc23)N(C(=O)/C=C/CN2CCCC2)CCO4)c1,230.0,uM
CHEMBL3114699,C#Cc1cccc(Nc2ncnc3cc4c(cc23)N(C(=O)/C=C/CN2CCOCC2)CCO4)c1,930.0,uM
CHEMBL3219504,CC1(C)OB(c2ccc3ncnc(Nc4cccc(Cl)c4)c3c2)OC1(C)C,1000.0,uM
CHEMBL3219505,CC1(C)OB(c2ccc3ncnc(Nc4ccc(F)c(Cl)c4)c3c2)OC1(C)C,1000.0,uM
CHEMBL3219502,COc1cc2ncnc(Nc3cccc(Cl)c3)c2cc1B1OC(C)(C)C(C)(C)O1,1000.0,uM
CHEMBL3219503,COc1cc2ncnc(Nc3ccc(F)c(Cl)c3)c2cc1B1OC(C)(C)C(C)(C)O1,1000.0,uM
CHEMBL3218424,OB(O)c1ccc2ncnc(Nc3cccc(Cl)c3)c2c1,1000.0,uM
CHEMBL3219506,OB(O)c1ccc2ncnc(Nc3ccc(F)c(Cl)c3)c2c1,1000.0,uM
CHEMBL3219507,COc1cc2ncnc(Nc3cccc(Cl)c3)c2cc1B(O)O,1000.0,uM
CHEMBL3219508,COc1cc2ncnc(Nc3ccc(F)c(Cl)c3)c2cc1B(O)O,1000.0,uM
CHEMBL3219509,COc1cc2ncnc(Nc3cccc(B(O)O)c3)c2cc1OC,1000.0,uM
CHEMBL3217774,COCCOc1cc2ncnc(Nc3cccc(B(O)O)c3)c2cc1OCCOC,1000.0,uM
CHEMBL3219510,COCCOc1cc2ncnc(Nc3cccc(B(O)O)c3)c2cc1OC,1000.0,uM
CHEMBL3219511,COc1cc2ncnc(Nc3ccc(B(O)O)cc3)c2cc1OC,1000.0,uM
CHEMBL3219512,COCCOc1cc2ncnc(Nc3ccc(B(O)O)cc3)c2cc1OCCOC,1000.0,uM
CHEMBL3219513,COCCOc1cc2ncnc(Nc3ccc(B(O)O)cc3)c2cc1OC,1000.0,uM
CHEMBL153843,O=C(Nc1cccc(C(F)(F)F)c1)c1ccccc1NCc1ccncc1,1000.0,uM
CHEMBL3217993,Nc1ccccc1NC(=O)c1ccc(COc2ccc3ncnc(Nc4cccc(Br)c4)c3c2)cc1,39.0,uM
CHEMBL3218000,C#Cc1cccc(Nc2ncnc3ccc(OCc4ccc(C(=O)Nc5ccccc5N)cc4)cc23)c1,66.0,uM
CHEMBL3218001,C#Cc1cccc(Nc2ncnc3ccc(S(=O)(=O)n4ccc(/C=C/C(=O)Nc5ccccc5N)c4)cc23)c1,2900.0,uM
CHEMBL3218002,C#Cc1cccc(Nc2ncnc3ccc(S(=O)(=O)n4ccc(/C=C/C(=O)NO)c4)cc23)c1,3400.0,uM
CHEMBL3233767,C=CC(=O)Nc1cc2c(Nc3ccc(F)c(Cl)c3)ncnc2s1,40.0,uM
CHEMBL3233785,O=C(/C=C/CN1CC2CCC1C(=O)C2)Nc1cc2c(Nc3ccc(F)c(Cl)c3)ncnc2s1,30.0,uM
CHEMBL3358966,COc1cc(-c2nc(-c3c[nH]c4ccccc34)c[nH]c2=O)cc(OC)c1OC,100000.0,uM
CHEMBL3325471,COc1ccc2c(c1)cc(C1C(C#N)=C(N)N(c3cccnc3)C3=C1C(=O)CCC3)c1nnnn12,8900.0,uM
CHEMBL3325470,Cc1ccc2c(c1)cc(C1C(C#N)=C(N)N(c3cccnc3)C3=C1C(=O)CCC3)c1nnnn12,14800.0,uM
CHEMBL3327179,N#CC1=C(N)N(c2cccnc2)C2=C(C(=O)CCC2)C1c1cc2ccccc2n2nnnc12,5200.0,uM
CHEMBL3325472,N#CC1=C(N)N(c2cccnc2)C2=C(C(=O)CCC2)C1c1cc2cc(Cl)ccc2n2nnnc12,19300.0,uM
CHEMBL3325473,COC(=O)C1=C(N)N(c2cccnc2)C2=C(C(=O)CCC2)C1c1cc2ccccc2n2nnnc12,1900.0,uM
CHEMBL3325474,COC(=O)C1=C(N)N(c2cccnc2)C2=C(C(=O)CCC2)C1c1cc2cc(C)ccc2n2nnnc12,5200.0,uM
CHEMBL3325475,COC(=O)C1=C(N)N(c2cccnc2)C2=C(C(=O)CCC2)C1c1cc2cc(OC)ccc2n2nnnc12,2100.0,uM
CHEMBL3325476,COC(=O)C1=C(N)N(c2cccnc2)C2=C(C(=O)CCC2)C1c1cc2cc(Cl)ccc2n2nnnc12,9000.0,uM
CHEMBL3325477,CCOC(=O)C1=C(N)N(c2cccnc2)C2=C(C(=O)CCC2)C1c1cc2ccccc2n2nnnc12,200.0,uM
CHEMBL3325478,CCOC(=O)C1=C(N)N(c2cccnc2)C2=C(C(=O)CCC2)C1c1cc2cc(C)ccc2n2nnnc12,4100.0,uM
CHEMBL3325479,CCOC(=O)C1=C(N)N(c2cccnc2)C2=C(C(=O)CCC2)C1c1cc2cc(OC)ccc2n2nnnc12,800.0,uM
CHEMBL3325480,CCOC(=O)C1=C(N)N(c2cccnc2)C2=C(C(=O)CCC2)C1c1cc2cc(Cl)ccc2n2nnnc12,22700.0,uM
CHEMBL3393072,O=C(Cc1c[nH]c2ccccc12)NNC(=S)Nc1ncccc1Br,12370.0,uM
CHEMBL1365395,Cc1ccc2c(C)nc(Nc3nc(O)cc(CSc4nnnn4-c4ccccc4)n3)nc2c1,6029.0,uM
CHEMBL3409484,CS(=O)(=O)CCNCc1ccc(-c2cc3c(Nc4ccc(OCc5ccccc5)cc4)ncnc3cn2)o1,26.0,uM
CHEMBL3409483,[O-][S+]1CCN(Cc2ccc(-c3cc4c(Nc5ccc(OCc6cccc(F)c6)cc5)ncnc4cn3)o2)CC1,21.0,uM
CHEMBL3409482,CN(CCO)c1cc2c(Nc3ccc4c(cnn4Cc4ccccc4)c3)ncnc2cn1,30.0,uM
CHEMBL3623375,CN(C)CCCNC(=O)c1csc2nc(-c3ccc(NC(=O)Nc4cc(C(C)(C)C)on4)cc3)cn12,10000.0,uM
CHEMBL3633929,CC(=O)Nc1ccc2ncnc(Nc3ccc(OCc4ccccn4)c(Cl)c3)c2c1,16.0,uM
CHEMBL3633928,NC(=O)Nc1ccc2ncnc(Nc3ccc(OCc4cccc(F)c4)c(Cl)c3)c2c1,287.0,uM
CHEMBL3633775,NC(=O)Nc1ccc2ncnc(Nc3ccc(Oc4ccc(Cl)c(Cl)c4)c(Cl)c3)c2c1,706.0,uM
CHEMBL3633774,NC(=O)Nc1ccc2ncnc(Nc3ccc(Oc4cccc(C(F)(F)F)c4)c(Cl)c3)c2c1,77.0,uM
CHEMBL3633930,CCNC(=O)Nc1ccc2ncnc(Nc3ccc(Oc4cccc(C(F)(F)F)c4)c(Cl)c3)c2c1,625.0,uM
CHEMBL3633931,CCNC(=O)Nc1ccc2ncnc(Nc3ccc(Oc4ccc(Cl)c(Cl)c4)c(Cl)c3)c2c1,10000.0,uM
CHEMBL3633932,CCNC(=O)Nc1ccc2ncnc(Nc3ccc(OCc4cccc(F)c4)c(Cl)c3)c2c1,126.0,uM
CHEMBL3633933,CCNC(=O)Nc1ccc2ncnc(Nc3ccc(OCc4ccccn4)c(Cl)c3)c2c1,1390.0,uM
CHEMBL3633934,CCOC(=O)C(=CNc1ccc2ncnc(Nc3ccc(Oc4cccc(C(F)(F)F)c4)c(Cl)c3)c2c1)C(=O)OCC,1000.0,uM
CHEMBL3633935,CCOC(=O)C(=CNc1ccc2ncnc(Nc3ccc(Oc4ccc(Cl)c(Cl)c4)c(Cl)c3)c2c1)C(=O)OCC,10000.0,uM
CHEMBL3633936,CCOC(=O)C(=CNc1ccc2ncnc(Nc3ccc(OCc4cccc(F)c4)c(Cl)c3)c2c1)C(=O)OCC,5050.0,uM
CHEMBL3632637,CCOC(=O)C(=CNc1ccc2ncnc(Nc3ccc(OCc4ccccn4)c(Cl)c3)c2c1)C(=O)OCC,3290.0,uM
CHEMBL3633937,N#CC(C#N)=CNc1ccc2ncnc(Nc3ccc(Oc4ccc(Cl)c(Cl)c4)c(Cl)c3)c2c1,10000.0,uM
CHEMBL3633938,N#CC(C#N)=CNc1ccc2ncnc(Nc3ccc(OCc4cccc(F)c4)c(Cl)c3)c2c1,2720.0,uM
CHEMBL3633939,N#CC(C#N)=CNc1ccc2ncnc(Nc3ccc(OCc4ccccn4)c(Cl)c3)c2c1,8000.0,uM
CHEMBL3633940,NC(=O)Nc1ccc(C(=O)Nc2ccc3ncnc(Nc4ccc(F)c(Cl)c4)c3c2)cc1,275.0,uM
CHEMBL3633941,CCNC(=O)Nc1ccc(C(=O)Nc2ccc3ncnc(Nc4ccc(F)c(Cl)c4)c3c2)cc1,855.0,uM
CHEMBL3633942,CCOC(=O)C(=CNC(=O)Nc1ccc(C(=O)Nc2ccc3ncnc(Nc4ccc(F)c(Cl)c4)c3c2)cc1)C(=O)OCC,10000.0,uM
CHEMBL1614725,CC(C)(O)CC(=O)NCCn1ccc2ncnc(Nc3ccc(Oc4cccc(C(F)(F)F)c4)c(Cl)c3)c21,3.0,uM
CHEMBL3741589,O=C(O)C1CN(Cc2ccc(OCc3ccc(Cl)c(Cl)c3)cc2)C1,10000.0,uM
CHEMBL3747079,CC(=O)N1N=C(c2ccccc2)CC1c1ccc(C(=O)OCCn2c([N+](=O)[O-])cnc2C)cc1,14040.0,uM
CHEMBL3747570,CC(=O)N1N=C(c2ccccc2)CC1c1ccc(C(=O)OC(C)Cn2c([N+](=O)[O-])cnc2C)cc1,17000.0,uM
CHEMBL3746212,CC(=O)N1N=C(c2ccc(Br)cc2)CC1c1ccc(C(=O)OCCn2c([N+](=O)[O-])cnc2C)cc1,3450.0,uM
CHEMBL3747776,CC(=O)N1N=C(c2ccc(Br)cc2)CC1c1ccc(C(=O)OC(C)Cn2c([N+](=O)[O-])cnc2C)cc1,8270.0,uM
CHEMBL3746557,CC(=O)N1N=C(c2ccc(C(F)(F)F)cc2)CC1c1ccc(C(=O)OCCn2c([N+](=O)[O-])cnc2C)cc1,510.0,uM
CHEMBL3746421,CC(=O)N1N=C(c2ccc(C(F)(F)F)cc2)CC1c1ccc(C(=O)OC(C)Cn2c([N+](=O)[O-])cnc2C)cc1,5620.0,uM
CHEMBL3747055,COc1ccc(C2=NN(C(C)=O)C(c3ccc(C(=O)OCCn4c([N+](=O)[O-])cnc4C)cc3)C2)cc1,17250.0,uM
CHEMBL3746387,COc1ccc(C2=NN(C(C)=O)C(c3ccc(C(=O)OC(C)Cn4c([N+](=O)[O-])cnc4C)cc3)C2)cc1,12050.0,uM
CHEMBL3746473,CC(=O)N1N=C(c2ccc([N+](=O)[O-])cc2)CC1c1ccc(C(=O)OCCn2c([N+](=O)[O-])cnc2C)cc1,2060.0,uM
CHEMBL3746642,CC(=O)N1N=C(c2ccc([N+](=O)[O-])cc2)CC1c1ccc(C(=O)OC(C)Cn2c([N+](=O)[O-])cnc2C)cc1,3530.0,uM
CHEMBL3747407,CCOc1ccc(C2=NN(C(C)=O)C(c3ccc(C(=O)OCCn4c([N+](=O)[O-])cnc4C)cc3)C2)cc1,14930.0,uM
CHEMBL3745929,CCOc1ccc(C2=NN(C(C)=O)C(c3ccc(C(=O)OC(C)Cn4c([N+](=O)[O-])cnc4C)cc3)C2)cc1,18120.0,uM
CHEMBL3747277,CC(=O)N1N=C(c2ccc(Cl)cc2)CC1c1ccc(C(=O)OCCn2c([N+](=O)[O-])cnc2C)cc1,4100.0,uM
CHEMBL3746168,CC(=O)N1N=C(c2ccc(Cl)cc2)CC1c1ccc(C(=O)OC(C)Cn2c([N+](=O)[O-])cnc2C)cc1,9960.0,uM
CHEMBL3747281,CC(=O)N1N=C(c2ccc(F)cc2)CC1c1ccc(C(=O)OCCn2c([N+](=O)[O-])cnc2C)cc1,4070.0,uM
CHEMBL3747152,CC(=O)N1N=C(c2ccc(F)cc2)CC1c1ccc(C(=O)OC(C)Cn2c([N+](=O)[O-])cnc2C)cc1,8540.0,uM
CHEMBL3746711,CC(=O)N1N=C(c2ccc(I)cc2)CC1c1ccc(C(=O)OCCn2c([N+](=O)[O-])cnc2C)cc1,2750.0,uM
CHEMBL3746564,CC(=O)N1N=C(c2ccc(I)cc2)CC1c1ccc(C(=O)OC(C)Cn2c([N+](=O)[O-])cnc2C)cc1,12660.0,uM
CHEMBL3746268,CC(=O)N1N=C(c2ccc(C)cc2)CC1c1ccc(C(=O)OCCn2c([N+](=O)[O-])cnc2C)cc1,13160.0,uM
CHEMBL3746980,CC(=O)N1N=C(c2ccc(C)cc2)CC1c1ccc(C(=O)OC(C)Cn2c([N+](=O)[O-])cnc2C)cc1,18890.0,uM
CHEMBL3651966,C[C@@H]1C[C@H](N)C[C@H](c2ccncc2NC(=O)c2ccc(F)c(-c3c(F)cccc3F)n2)C1,10000.0,uM
CHEMBL3745885,Cn1c(=O)c(S(=O)(=O)c2ccc(F)cc2F)cc2cnc(Nc3ccc4[nH]ccc4c3)nc21,10000.0,uM
CHEMBL1614712,Nc1ncnc2c1c(-c1cccc(OCc3ccccc3)c1)cn2[C@H]1C[C@@H](CN2CCC2)C1,10000.0,uM
CHEMBL3787614,Nc1ncnc2c1c(-c1cccc(OC[C@@H]3CCCO3)c1)cn2[C@H]1C[C@@H](CN2CCC2)C1,10000.0,uM
CHEMBL3785500,Nc1ncnc2c1c(-c1cccc(OCC34CCC(CC3)O4)c1)cn2[C@H]1C[C@@H](CN2CCC2)C1,10000.0,uM
CHEMBL3786167,CC(=O)N1CCN([C@H]2C[C@@H](n3cc(-c4cccc(OC[C@@H]5CCCO5)c4F)c4c(N)ncnc43)C2)CC1,10000.0,uM
CHEMBL3785951,CC(=O)N1CCN([C@H]2C[C@@H](n3cc(-c4cc(OC[C@@H]5CCCO5)ccc4F)c4c(N)ncnc43)C2)CC1,10000.0,uM
CHEMBL3893306,O=C(CCl)OCCn1c(=O)oc2cc3ncnc(Nc4ccc(OCc5cccc(F)c5)c(Cl)c4)c3cc21,10000.0,uM
CHEMBL3921302,CN1CCN(c2ccc(Nc3ncnc4cc5oc(=O)n(CCOC(=O)CCl)c5cc34)cc2Cl)CC1,9.0,uM
CHEMBL3982289,O=C(CCl)OCCn1c(=O)oc2cc3ncnc(Nc4ccc(N5CCOCC5)c(Cl)c4)c3cc21,35.0,uM
CHEMBL3912361,O=C(CCl)OCCn1c(=O)oc2cc3ncnc(Nc4ccc(N5CCCCC5)c(Cl)c4)c3cc21,77.0,uM
CHEMBL3930270,O=C(CCl)OCCn1c(=O)oc2cc3ncnc(Nc4ccc(Oc5cccc(C(F)(F)F)c5)c(Cl)c4)c3cc21,230.0,uM
CHEMBL3902295,O=C(CCl)OCCn1c(=O)oc2cc3ncnc(Nc4ccc(F)c(F)c4)c3cc21,3200.0,uM
CHEMBL3940060,O=C(CCl)OCCn1c(=O)oc2cc3ncnc(Nc4ccc(F)c(Cl)c4)c3cc21,1600.0,uM
CHEMBL3969628,O=C(CBr)OCCn1c(=O)oc2cc3ncnc(Nc4ccc(N5CCCCC5)c(Cl)c4)c3cc21,10000.0,uM
CHEMBL3965948,O=C(CBr)OCCn1c(=O)oc2cc3ncnc(Nc4ccc(N5CCOCC5)c(Cl)c4)c3cc21,21.0,uM
CHEMBL3897363,CN1CCN(c2ccc(Nc3ncnc4cc5oc(=O)n(CCOC(=O)CBr)c5cc34)cc2Cl)CC1,33.0,uM
CHEMBL3981210,COc1ccc(COc2ccc(Nc3ncnc4cc5oc(=O)n(CCOC(=O)CBr)c5cc34)cc2)cc1,3900.0,uM
CHEMBL3985079,CCOC(=O)c1ccc(Nc2ncnc3cc4oc(=O)n(CCOC(=O)CBr)c4cc23)cc1,10000.0,uM
CHEMBL3915306,O=C(CBr)OCCn1c(=O)oc2cc3ncnc(Nc4ccc(OCc5ccc(Cl)cc5)cc4)c3cc21,10000.0,uM
CHEMBL3906330,O=C(CBr)OCCn1c(=O)oc2cc3ncnc(Nc4ccc(F)c(F)c4)c3cc21,1300.0,uM
CHEMBL3891774,O=C(Nc1ccc(Nc2ncnc3cc4oc(=O)n(CCOC(=O)CBr)c4cc23)cc1)NC1CCCCC1,4700.0,uM
CHEMBL3960786,O=C(CBr)OCCn1c(=O)oc2cc3ncnc(Nc4ccc(NC(=O)N5CCCCC5)cc4)c3cc21,10000.0,uM
CHEMBL3945555,O=C(CBr)OCCn1c(=O)oc2cc3ncnc(Nc4ccc(Oc5cccc(C(F)(F)F)c5)c(Cl)c4)c3cc21,120.0,uM
CHEMBL3917657,CC(C)(C)c1ccc(Nc2ncnc3cc4oc(=O)n(CCOC(=O)CBr)c4cc23)cc1,6200.0,uM
CHEMBL3936642,O=C(CBr)OCCn1c(=O)oc2cc3ncnc(Nc4ccc(OCc5cccc(F)c5)c(Cl)c4)c3cc21,180.0,uM
CHEMBL3908711,O=C(CBr)OCCn1c(=O)oc2cc3ncnc(Nc4ccc(F)c(Cl)c4)c3cc21,1100.0,uM
CHEMBL545315,C=CC(=O)Nc1cc2c(Nc3ccc(F)c(Cl)c3)ncnc2cc1OCCCN1CCOCC1.Cl.Cl,11.0,uM
CHEMBL3957801,CCC(=O)Nc1cc2c(Nc3ccc(F)c(Cl)c3)ncnc2cc1OCCCN1CCOCC1,509.0,uM
CHEMBL3930316,CCC(=O)Nc1cc2c(Nc3ccc(F)c(Cl)c3)ncnc2cc1OC,406.0,uM
CHEMBL3963723,CCC(=O)Nc1cc2c(Nc3ccc4[nH]ccc4c3)ncnc2cc1OC,800.0,uM
CHEMBL3977326,CCC(=O)Nc1cc2c(Nc3ccc4c(ccn4Cc4ccccc4)c3)ncnc2cc1OC,124.0,uM
CHEMBL3948084,CCC(=O)Nc1cc2c(Nc3ccc4c(cnn4Cc4ccccc4)c3)ncnc2cc1OC,153.0,uM
CHEMBL3968839,CCC(=O)Nc1cc2c(Nc3ccc4c(ccn4Cc4ccccn4)c3)ncnc2cc1OC,642.0,uM
CHEMBL3981041,CCC(=O)Nc1cc2c(Nc3ccc4c(ccn4S(=O)(=O)c4ccccc4)c3)ncnc2cc1OC,286.0,uM
CHEMBL3964380,CCC(=O)Nc1cc2c(Nc3ccc4c(ccn4Cc4ccco4)c3)ncnc2cc1OC,782.0,uM
CHEMBL3904205,CCC(=O)Nc1cc2c(Nc3ccc4c(c3)CCN4Cc3ccccc3)ncnc2cc1OC,556.0,uM
CHEMBL3960911,CCC(=O)Nc1cc2c(Nc3ccc4c(c3)CCN4Cc3ccccn3)ncnc2cc1OC,897.0,uM
CHEMBL3943512,CCC(=O)Nc1cc2c(Nc3ccc(Oc4ccccc4)cc3)ncnc2cc1OC,419.0,uM
CHEMBL3934034,CCC(=O)Nc1cc2c(Nc3ccc(OCc4ccccc4)cc3)ncnc2cc1OC,404.0,uM
CHEMBL3961532,CCC(=O)Nc1cc2c(Nc3ccc(OCc4cccc(F)c4)c(Cl)c3)ncnc2cc1OC,458.0,uM
CHEMBL3925158,CCC(=O)Nc1cc2c(Nc3ccc(OCc4ccccn4)cc3)ncnc2cc1OC,815.0,uM
CHEMBL3970738,CCC(=O)Nc1cc2c(Nc3ccc(NS(=O)(=O)c4ccccc4)cc3)ncnc2cc1OC,798.0,uM
CHEMBL3923650,CCC(=O)Nc1cc2c(Nc3ccc(NS(=O)(=O)c4ccccc4)nc3)ncnc2cc1OC,958.0,uM
CHEMBL3932176,CCOc1cc2ncnc(Nc3ccc4c(cnn4Cc4ccccc4)c3)c2cc1NC(=O)/C=C/CN(C)C,12.0,uM
CHEMBL3950966,CCOc1cc2ncnc(Nc3ccc4c(cnn4Cc4ccccc4)c3)c2cc1NC(=O)/C=C/CN(C(C)C)C(C)C,30.0,uM
CHEMBL3923228,CCOc1cc2ncnc(Nc3ccc4c(cnn4Cc4ccccc4)c3)c2cc1NC(=O)/C=C/CN1CCCC1,19.0,uM
CHEMBL3942228,CCOc1cc2ncnc(Nc3ccc4c(cnn4Cc4ccccc4)c3)c2cc1NC(=O)/C=C/CN1CCCCC1,19.0,uM
CHEMBL3914227,CCOc1cc2ncnc(Nc3ccc4c(cnn4Cc4ccccc4)c3)c2cc1NC(=O)/C=C/CN1[C@H](C)CCC[C@@H]1C,128.0,uM
CHEMBL3907533,CCOc1cc2ncnc(Nc3ccc4c(cnn4Cc4ccccc4)c3)c2cc1NC(=O)/C=C/CN1CCOCC1,27.0,uM
CHEMBL3921129,CCOc1cc2ncnc(Nc3ccc4c(cnn4Cc4ccccc4)c3)c2cc1NC(=O)/C=C/CN1CCN(C)CC1,23.0,uM
CHEMBL3941823,CCOc1cc2ncnc(Nc3ccc4c(cnn4Cc4ccccc4)c3)c2cc1NC(=O)/C=C/CN1C[C@@H](C)N[C@@H](C)C1,19.0,uM
CHEMBL3971413,CCOc1cc2ncnc(Nc3ccc4c(cnn4Cc4ccccc4)c3)c2cc1NC(=O)/C=C/CN1[C@H](C)CNC[C@@H]1C,198.0,uM
CHEMBL3950549,COc1cc2ncnc(Nc3ccc(F)c(Cl)c3)c2cc1NC(=O)/C=C/CN(C(C)C)C(C)C,32.0,uM
CHEMBL2110732,COc1cc2ncnc(Nc3ccc(F)c(Cl)c3)c2cc1NC(=O)/C=C/CN1CCCCC1,46.0,uM
CHEMBL3959248,COCCOc1cc2ncnc(Nc3ccc4c(cnn4Cc4ccccc4)c3)c2cc1NC(=O)/C=C/CN(C)C,4.0,uM
CHEMBL3890186,COCCOc1cc2ncnc(Nc3ccc4c(cnn4Cc4ccccc4)c3)c2cc1NC(=O)/C=C/CN1CCCC1,5.0,uM
CHEMBL3970330,COCCOc1cc2ncnc(Nc3ccc4c(cnn4Cc4ccccc4)c3)c2cc1NC(=O)/C=C/CN1CCN(C)CC1,19.0,uM
CHEMBL3899132,CCOc1cc2ncnc(Nc3ccc4c(ccn4S(=O)(=O)c4ccccc4)c3)c2cc1NC(=O)/C=C/CN(C)C,38.0,uM
CHEMBL3890751,CCOc1cc2ncnc(Nc3ccc4c(ccn4S(=O)(=O)c4ccccc4)c3)c2cc1NC(=O)/C=C/CN1CCCC1,30.0,uM
CHEMBL3933895,CCOc1cc2ncnc(Nc3ccc4c(ccn4S(=O)(=O)c4ccccc4)c3)c2cc1NC(=O)/C=C/CN1CCOCC1,100.0,uM
CHEMBL3958482,COc1cc2ncnc(Nc3ccc(Oc4ccccc4)cc3)c2cc1NC(=O)/C=C/CN1CCCCC1,73.0,uM
CHEMBL3930965,COc1cc2ncnc(Nc3ccc(Cc4ccccn4)cc3)c2cc1NC(=O)/C=C/CN1CCCC1,413.0,uM
CHEMBL3962365,CCOc1cc2ncnc(Nc3ccc(OCc4cccc(F)c4)c(Cl)c3)c2cc1NC(=O)/C=C/CN1CCCC1,10.0,uM
CHEMBL3939985,CCOc1cc2ncnc(Nc3ccc(OCc4cccc(F)c4)c(Cl)c3)c2cc1NC(=O)/C=C/CN1CCN(C)CC1,20.0,uM
CHEMBL3977926,CCOc1cc2ncnc(Nc3ccc(OCc4ccccn4)cc3)c2cc1NC(=O)/C=C/CN1CCCC1,278.0,uM
CHEMBL3922922,CCOc1cc2ncnc(Nc3ccc(OCc4ccccn4)cc3)c2cc1NC(=O)/C=C/CN1CCN(C)CC1,1000.0,uM
CHEMBL3986103,CCOc1cc2ncnc(Nc3ccc(NS(=O)(=O)c4ccccc4)cc3)c2cc1NC(=O)/C=C/CN1CCCC1,45.0,uM
CHEMBL3957416,CCOc1cc2ncnc(Nc3ccc(NS(=O)(=O)c4ccccc4)cc3)c2cc1NC(=O)/C=C/CN1CCOCC1,174.0,uM
CHEMBL3936505,CCOc1cc2ncnc(Nc3ccc(NS(=O)(=O)c4ccccc4)cc3)c2cc1NC(=O)/C=C/CN1CCN(C)CC1,290.0,uM
CHEMBL3968417,CN(C)C/C=C/C(=O)Nc1cc2c(Nc3ccc(F)c(Cl)c3)ncnc2cn1,2.0,uM
CHEMBL3930506,O=C(/C=C/CN1CCCCC1)Nc1cc2c(Nc3ccc(F)c(Cl)c3)ncnc2cn1,14.0,uM
CHEMBL3958006,O=C(/C=C/CN1CCOCC1)Nc1cc2c(Nc3ccc(F)c(Cl)c3)ncnc2cn1,35.0,uM
CHEMBL3921555,CN1CCN(C/C=C/C(=O)Nc2cc3c(Nc4ccc(F)c(Cl)c4)ncnc3cn2)CC1,89.0,uM
CHEMBL3949347,CN(C)C/C=C/C(=O)Nc1cc2c(Nc3ccc4c(cnn4Cc4ccccc4)c3)ncnc2cn1,62.0,uM
CHEMBL3948267,O=C(/C=C/CN1CCCC1)Nc1cc2c(Nc3ccc4c(cnn4Cc4ccccc4)c3)ncnc2cn1,62.0,uM
CHEMBL3977504,CN(C)C/C=C/C(=O)Nc1cc2c(Nc3ccc(Oc4ccccc4)cc3)ncnc2cn1,100.0,uM
CHEMBL3896779,O=C(/C=C/CN1CCCC1)Nc1cc2c(Nc3ccc(Oc4ccccc4)cc3)ncnc2cn1,102.0,uM
CHEMBL3969056,CN(C)C/C=C/C(=O)Nc1cc2c(Nc3ccc(Cc4ccccn4)cc3)ncnc2cn1,11.0,uM
CHEMBL3967962,O=C(/C=C/CN1CCCC1)Nc1cc2c(Nc3ccc(Cc4ccccn4)cc3)ncnc2cn1,17.0,uM
CHEMBL3921446,CN1CCN(C/C=C/C(=O)Nc2cc3c(Nc4ccc(Cc5ccccn5)cc4)ncnc3cn2)CC1,1000.0,uM
CHEMBL3981551,CN(C)C/C=C/C(=O)Nc1cc2c(Nc3ccc(OCc4cccc(F)c4)c(Cl)c3)ncnc2cn1,42.0,uM
CHEMBL3904257,O=C(/C=C/CN1CCCC1)Nc1cc2c(Nc3ccc(OCc4cccc(F)c4)c(Cl)c3)ncnc2cn1,53.0,uM
CHEMBL598377,COc1cc2ncnc(Nc3ccc(F)c(Cl)c3)c2cc1OCCCCCCC(=O)NO,100.0,uM
CHEMBL3896110,C#Cc1cccc(Nc2ncnc3cc(OC)c(OCC(=O)NO)cc23)c1,100.0,uM
CHEMBL598164,C#Cc1cccc(Nc2ncnc3cc(OC)c(OCCCCCC(=O)NO)cc23)c1,100.0,uM
CHEMBL598797,C#Cc1cccc(Nc2ncnc3cc(OC)c(OCCCCCCC(=O)NO)cc23)c1,100.0,uM
CHEMBL604094,O=C(CCCCCCOc1ccc2ncnc(Nc3ccc(F)c(Cl)c3)c2c1)NO,100.0,uM
CHEMBL597569,COCCOc1cc2ncnc(Nc3ccc(F)c(Cl)c3)c2cc1OCCCCCCC(=O)NO,100.0,uM
CHEMBL597773,COc1cc2ncnc(Nc3ccc(F)c(Cl)c3)c2cc1NC(=O)CCCCCCC(=O)NO,100.0,uM
CHEMBL3901144,C#Cc1cccc(Nc2ncnc3cc(OC)c(NC(=O)CCCCCCC(=O)NO)cc23)c1,100.0,uM
CHEMBL3970892,COCCOc1cc2ncnc(Nc3ccc(F)c(Cl)c3)c2cc1NC(=O)CCCCCCC(=O)NO,100.0,uM
CHEMBL3959043,C#Cc1cc(Nc2ncnc3cc(OC)c(OCCCCCCCC(=O)NO)cc23)ccc1F,100.0,uM
CHEMBL3909900,C#Cc1cc(Nc2ncnc3cc(OCCOC)c(OCCCCCCCC(=O)NO)cc23)ccc1F,100.0,uM
CHEMBL605976,COc1cc2ncnc(N[C@H](C)c3ccccc3)c2cc1OCCCCCCC(=O)NO,100.0,uM
CHEMBL596761,COc1cc2ncnc(NCc3ccccc3)c2cc1OCCCCCCC(=O)NO,100.0,uM
CHEMBL3967530,COc1cc2ncnc(NCc3ccc(F)c(Cl)c3)c2cc1OCCCCCCC(=O)NO,1000.0,uM
CHEMBL3959884,COc1cc2ncnc(Nc3ccc(F)c(Cl)c3)c2cc1CCCCCC(=O)NO,100.0,uM
CHEMBL3985245,COc1cc2ncnc(Nc3ccc(F)c(Cl)c3)c2cc1SCCCCC(=O)NO,100.0,uM
CHEMBL596754,COc1cc2ncnc(Nc3ccc(F)c(Cl)c3)c2cc1SCCCCCCC(=O)NO,100.0,uM
CHEMBL598610,COc1cc2c(Nc3ccc(F)c(Cl)c3)ncnc2cc1OCCCCCCC(=O)NO,100.0,uM
CHEMBL598611,C#Cc1cccc(Nc2ncnc3cc(OCCCCCCC(=O)NO)c(OC)cc23)c1,100.0,uM
CHEMBL3901210,COCCOc1cc2c(Nc3ccc(F)c(Cl)c3)ncnc2cc1OCCCCCCC(=O)NO,100.0,uM
CHEMBL3898444,C#Cc1cccc(Nc2ncnc3cc(OCCCCCCC(=O)NO)c(OCCOC)cc23)c1,100.0,uM
CHEMBL3936512,O=C(CCCCCNCc1ccc(-c2ccc3ncnc(Nc4ccc(OCc5cccc(F)c5)c(Cl)c4)c3c2)o1)NO,100.0,uM
CHEMBL3935462,O=C(CCCCCCOc1ccc2ncnc(Nc3ccc(OCc4cccc(F)c4)c(Cl)c3)c2c1)NO,100.0,uM
CHEMBL598799,COc1cc2ncnc(Nc3ccc(OCc4cccc(F)c4)c(Cl)c3)c2cc1OCCCCCCC(=O)NO,100.0,uM
CHEMBL3930003,COCCOc1cc2ncnc(Nc3ccc(OCc4cccc(F)c4)c(Cl)c3)c2cc1OCCCCCCC(=O)NO,100.0,uM
CHEMBL3980430,O=C(CCCCCCCNCc1ccc(-c2ccc3ncnc(Nc4ccc(OCc5cccc(F)c5)c(Cl)c4)c3c2)o1)NO,100.0,uM
CHEMBL3976961,C#Cc1cc(Nc2ncnc3cc(OC)c(OCCCCCCC(=O)NO)cc23)ccc1O,100.0,uM
CHEMBL3976389,C#Cc1cccc(Nc2ncnc3cc(O)c(OCCCCCCC(=O)NO)cc23)c1,100.0,uM
CHEMBL3910297,C[C@@H](Nc1ncnc2[nH]c(-c3ccc(CNCC(=O)NO)cc3)cc12)c1ccccc1,1000.0,uM
CHEMBL3907491,C[C@@H](Nc1ncnc2[nH]c(-c3ccc(CNCCC(=O)NO)cc3)cc12)c1ccccc1,100.0,uM
CHEMBL3948072,C[C@@H](Nc1ncnc2[nH]c(-c3ccc(CN4CCN(CC(=O)NO)CC4)cc3)cc12)c1ccccc1,100.0,uM
CHEMBL3945421,C[C@@H](Nc1ncnc2[nH]c(-c3ccc(CN4CCN(CCC(=O)NO)CC4)cc3)cc12)c1ccccc1,100.0,uM
CHEMBL3903506,C[C@@H](Nc1ncnc2[nH]c(-c3ccc(CN4CCN(CCCC(=O)NO)CC4)cc3)cc12)c1ccccc1,100.0,uM
CHEMBL3972249,C[C@@H](Nc1ncnc2[nH]c(-c3ccc(CN4CCN(CCCCC(=O)NO)CC4)cc3)cc12)c1ccccc1,100.0,uM
CHEMBL3938265,C[C@@H](Nc1ncnc2[nH]c(-c3ccc(CN4CCN(CCCCCC(=O)NO)CC4)cc3)cc12)c1ccccc1,100.0,uM
CHEMBL3916600,C[C@@H](Nc1ncnc2[nH]c(-c3ccc(CN4CCN(CCCCCCC(=O)NO)CC4)cc3)cc12)c1ccccc1,100.0,uM
CHEMBL3900967,C[C@@H](Nc1ncnc2[nH]c(-c3ccc(OCC(=O)NO)cc3)cc12)c1ccccc1,100.0,uM
CHEMBL3977186,C[C@@H](Nc1ncnc2[nH]c(-c3ccc(OCCCC(=O)NO)cc3)cc12)c1ccccc1,100.0,uM
CHEMBL3899385,C[C@@H](Nc1ncnc2[nH]c(-c3ccc(OCCCCC(=O)NO)cc3)cc12)c1ccccc1,100.0,uM
CHEMBL3902161,C[C@@H](Nc1ncnc2[nH]c(-c3ccc(OCCCCCC(=O)NO)cc3)cc12)c1ccccc1,100.0,uM
CHEMBL3951620,C[C@@H](Nc1ncnc2[nH]c(-c3ccc(OCCCCCCC(=O)NO)cc3)cc12)c1ccccc1,100.0,uM
CHEMBL3961102,C[C@@H](Nc1ncnc2[nH]c(-c3ccc(NC(=O)CCC(=O)NO)cc3)cc12)c1ccccc1,100.0,uM
CHEMBL3921652,C[C@@H](Nc1ncnc2[nH]c(-c3ccc(NC(=O)CCCC(=O)NO)cc3)cc12)c1ccccc1,100.0,uM
CHEMBL3924346,C[C@@H](Nc1ncnc2[nH]c(-c3ccc(NC(=O)CCCCC(=O)NO)cc3)cc12)c1ccccc1,100.0,uM
CHEMBL3952709,C[C@@H](Nc1ncnc2[nH]c(-c3ccc(NC(=O)CCCCCCC(=O)NO)cc3)cc12)c1ccccc1,100.0,uM
CHEMBL3950023,C[C@@H](Nc1ncnc2[nH]c(-c3ccc(NC(=O)CCNCC(=O)NO)cc3)cc12)c1ccccc1,100.0,uM
CHEMBL3984573,C[C@@H](Nc1ncnc2[nH]c(-c3ccc(C(=O)NCCNCCC(=O)NO)cc3)cc12)c1ccccc1,100.0,uM
CHEMBL3905131,C[C@@H](Nc1ncnc2[nH]c(-c3ccc(C(=O)NCCNCCCCCC(=O)NO)cc3)cc12)c1ccccc1,100.0,uM
CHEMBL3939306,C[C@@H](Nc1ncnc2[nH]c(-c3ccc(C(=O)NCCNCCCCCCC(=O)NO)cc3)cc12)c1ccccc1,100.0,uM
CHEMBL3936547,C[C@@H](Nc1ncnc2[nH]c(-c3ccc(CNCCCCCC(=O)NO)cc3)cc12)c1ccccc1,100.0,uM
CHEMBL3901236,C[C@@H](Nc1ncnc2[nH]c(-c3ccc(CNCCCCCCC(=O)NO)cc3)cc12)c1ccccc1,100.0,uM
CHEMBL3898480,C[C@@H](Nc1ncnc2[nH]c(-c3ccc(CNCCCCCCCC(=O)NO)cc3)cc12)c1ccccc1,100.0,uM
CHEMBL3917105,O=C(CCCCCN1CCN(Cc2ccc(-c3cc4c(NCc5ccccc5)ncnc4[nH]3)cc2)CC1)NO,100.0,uM
CHEMBL3914322,C[C@@H](Nc1ncnc2[nH]c(-c3ccc(OCCCCCCC(=O)NO)cc3)cc12)c1ccc(F)cc1,100.0,uM
CHEMBL3985004,O=C(CCCCCCOc1ccc(-c2cc3c(NCc4ccccc4)ncnc3[nH]2)cc1)NO,1000.0,uM
CHEMBL3917670,C[C@@H](Nc1ncnc2[nH]c(-c3ccc(C(=O)NO)cc3)cc12)c1ccccc1,100.0,uM
CHEMBL3981584,O=C(NO)c1ccc(-c2cc3c(NCc4ccccc4)ncnc3[nH]2)cc1,100.0,uM
CHEMBL3984055,C[C@@H](Nc1ncnc2[nH]c(-c3ccc(C(=O)NO)cc3)cc12)c1ccc(F)cc1,100.0,uM
CHEMBL3929290,C[C@@H](Nc1ncnc2[nH]c(-c3ccc(NCc4ccc(/C=C/C(=O)NO)cc4)cc3)cc12)c1ccccc1,100.0,uM
CHEMBL3932057,C[C@@H](Nc1ncnc2[nH]c(-c3ccc(NCc4ccc(C(=O)NO)cc4)cc3)cc12)c1ccccc1,100.0,uM
CHEMBL3968968,C[C@@H](Nc1ncnc2[nH]c(-c3ccc(CNCc4ccc(C(=O)NO)cc4)cc3)cc12)c1ccccc1,100.0,uM
CHEMBL3971713,C[C@@H](Nc1ncnc2[nH]c(-c3ccc(CNCc4ccc(/C=C/C(=O)NO)cc4)cc3)cc12)c1ccccc1,10000.0,uM
CHEMBL3968380,C[C@@H](Nc1ncnc2[nH]c(-c3ccc(CN4CCC(NCCCCCCCC(=O)NO)CC4)cc3)cc12)c1ccccc1,100.0,uM
CHEMBL3917093,C[C@@H](Nc1ncnc2c1cc(-c1ccc(C(=O)NCCNCCCCCCC(=O)NO)cc1)n2C)c1ccccc1,100.0,uM
CHEMBL3956995,C[C@@H](Nc1ncnc2[nH]c(-c3ccc(OCCNCCCCCCC(=O)NO)cc3)cc12)c1ccccc1,100.0,uM
CHEMBL3954393,C[C@@H](Nc1ncnc2[nH]c(-c3ccc(OCCNCCCCCCCC(=O)NO)cc3)cc12)c1ccccc1,100.0,uM
CHEMBL3928197,C[C@@H](Nc1ncnc2[nH]c(-c3ccc(NCCCCCC(=O)NO)cc3)cc12)c1ccccc1,100.0,uM
CHEMBL3986286,C[C@@H](Nc1ncnc2[nH]c(-c3ccc(NCCCCCCC(=O)NO)cc3)cc12)c1ccccc1,100.0,uM
CHEMBL3937516,COc1cc2ncnc(Nc3ccc4occc4c3)c2cc1OCCCCCCC(=O)NO,100.0,uM
CHEMBL4103370,Clc1ccc(-c2nnc(Cc3nc4ccccc4[nH]3)o2)cc1,610.0,uM
CHEMBL4079125,Clc1ccc(-c2nnc(Cc3nc4ccccc4[nH]3)o2)c(Cl)c1,4700.0,uM
CHEMBL4095623,c1ccc(Cc2nnc(Cc3nc4ccccc4[nH]3)o2)cc1,36900.0,uM
CHEMBL4068254,c1ccc(-c2nnc(Cc3nc4ccccc4[nH]3)o2)cc1,40000.0,uM
CHEMBL4087921,c1ccc(OCc2nnc(Cc3nc4ccccc4[nH]3)o2)cc1,52400.0,uM
CHEMBL4094471,Clc1ccccc1-c1nnc(Cc2nc3ccccc3[nH]2)o1,6500.0,uM
CHEMBL4074782,Cc1ccccc1-c1nnc(Cc2nc3ccccc3[nH]2)o1,46800.0,uM
CHEMBL4065301,COc1cccc(-c2nnc(Cc3nc4ccccc4[nH]3)o2)c1OC,100000.0,uM
CHEMBL4102214,c1ccc(C(c2ccccc2)c2nnc(Cc3nc4ccccc4[nH]3)o2)cc1,57600.0,uM
CHEMBL4084249,COc1ccc(-c2nnc(Cc3nc4ccccc4[nH]3)o2)cc1,910.0,uM
CHEMBL4066118,c1ccc2c(Cc3nnc(Cc4nc5ccccc5[nH]4)o3)cccc2c1,8800.0,uM
CHEMBL4084996,Clc1ccc(-c2nnc(Cc3nc4ccc(Cl)cc4[nH]3)o2)cc1,2500.0,uM
CHEMBL4102942,Clc1ccc(-c2nnc(Cc3nc4ccc(Cl)cc4[nH]3)o2)c(Cl)c1,52600.0,uM
CHEMBL4083493,Clc1ccc2nc(Cc3nnc(-c4ccccc4Cl)o3)[nH]c2c1,45700.0,uM
CHEMBL4164936,NS(=O)(=O)c1ccc(-n2c(SCC(=O)Nc3cc(Cl)c(Cl)cc3Cl)nc3cc4ccccc4cc3c2=O)cc1,760.0,uM
CHEMBL4176629,NS(=O)(=O)c1ccc(-n2c(SCC(=O)Nc3ccc([N+](=O)[O-])cc3[N+](=O)[O-])nc3cc4ccccc4cc3c2=O)cc1,300.0,uM
CHEMBL4166412,NS(=O)(=O)c1ccc(-n2c(SCC(=O)Nc3cnc4ccccc4c3)nc3cc4ccccc4cc3c2=O)cc1,390.0,uM
CHEMBL3809172,O=C1N=C(C(=O)c2c[nH]c3ccccc23)N/C1=C\c1c[nH]c2cc(O)ccc12,7400.0,uM
CHEMBL4162777,O=S(=O)(NCCc1cccc(F)c1)c1cc(-c2ccc(COc3cccc(C(F)(F)F)c3)cc2)cc(C(F)(F)F)c1,18000.0,uM
CHEMBL4162362,COCCc1ccc(OCc2ccc(-c3cc(C(F)(F)F)cc(S(=O)(=O)NCCc4cccc(F)c4)c3)cc2)cc1,25400.0,uM
CHEMBL4173044,O=S(=O)(NCCc1cccc(F)c1)c1cc(-c2cccc3c2Sc2ccccc2S3)cc(C(F)(F)F)c1,10400.0,uM
CHEMBL4169245,O=S(=O)(NCCc1cccc(F)c1)c1cc(-c2ccccc2COc2cccc(C(F)(F)F)c2)cc(C(F)(F)F)c1,9710.0,uM
CHEMBL4161318,O=S(=O)(NCCc1cccc(F)c1)c1cc(-c2ccc(-c3cccs3)s2)cc(C(F)(F)F)c1,31500.0,uM
CHEMBL4246725,CO[C@H]1/C=C\C=C(/C)C(=O)NC2=CC(=O)C(NC/C=C/CCC[C@@H]3C[C@H]4[C@@H]5CCc6cc(O)ccc6[C@H]5CC[C@]4(C)[C@H]3O)=C(C[C@@H](C)C[C@H](OC)[C@H](O)[C@@H](C)/C=C(\C)[C@@H]1OC(N)=O)C2=O,100.0,uM
CHEMBL4237833,CO[C@H]1/C=C\C=C(/C)C(=O)NC2=CC(=O)C(NCC#CCC[C@@H]3C[C@H]4[C@@H]5CCc6cc(O)ccc6[C@H]5CC[C@]4(C)[C@H]3O)=C(C[C@@H](C)C[C@H](OC)[C@H](O)[C@@H](C)/C=C(\C)[C@@H]1OC(N)=O)C2=O,100.0,uM
CHEMBL4286374,O=C(Nc1ccc2ncnc(Nc3cccc(Br)c3)c2c1)c1ccc(C(F)(F)F)cc1O,96.0,uM
CHEMBL4294264,COc1cc2ncnc(Nc3ccc(-c4cc(-c5ccc(Br)cc5)c(C#N)c(=N)[nH]4)cc3)c2cc1OC,1036.0,uM
CHEMBL4278886,Nc1ccc(-c2cc3c(Nc4ccc(Oc5cccc(C(F)(F)F)c5)c(Cl)c4)ncnc3s2)cc1,1500.0,uM
CHEMBL4291471,CC(=O)Nc1ccc(-c2cc3c(Nc4ccc(Oc5cccc(C(F)(F)F)c5)c(Cl)c4)ncnc3s2)cc1,879.0,uM
CHEMBL4280835,CS(=O)(=O)Nc1ccc(-c2cc3c(Nc4ccc(Oc5cccc(C(F)(F)F)c5)c(Cl)c4)ncnc3s2)cc1,19200.0,uM
CHEMBL4286733,O=C(Nc1ccc(-c2cc3c(Nc4ccc(Oc5cccc(C(F)(F)F)c5)c(Cl)c4)ncnc3s2)cc1)NC1CC1,37100.0,uM
CHEMBL4288374,O=C(NCCN1CCOCC1)Nc1ccc(-c2cc3c(Nc4ccc(Oc5cccc(C(F)(F)F)c5)c(Cl)c4)ncnc3s2)cc1,1200.0,uM
CHEMBL4587222,CCN1CCN(CCCOc2cc3nccc(Oc4c(F)cc(NC(=O)NN5C(=O)CSC5c5c(F)cccc5F)cc4F)c3cc2OC)CC1,10000.0,uM
CHEMBL4446681,CN(CCc1ccc(-c2ccccc2)cc1)Cc1cn(C)c2ccc(C(=O)Nc3ccc(F)cc3)cc12,24000.0,uM
CHEMBL1173655,CN(C)C/C=C/C(=O)Nc1cc2c(Nc3ccc(F)c(Cl)c3)ncnc2cc1O[C@H]1CCOC1,14.0,uM
CHEMBL4438748,CN(C)c1ccc(C(=O)Nc2cccc(NC(=O)COc3ccc4c(=O)ccoc4c3)c2)cc1,10000.0,uM
CHEMBL4475271,CO[C@H]1/C=C\C=C(/C)C(=O)NC2=CC(=O)C(NC/C=C/C[C@@H]3C[C@H]4[C@@H]5CCc6cc(O)ccc6[C@H]5CC[C@]4(C)[C@H]3O)=C(C[C@@H](C)C[C@H](OC)[C@H](O)[C@@H](C)/C=C(\C)[C@@H]1OC(N)=O)C2=O,100.0,uM
CHEMBL4516916,Fc1ccc(-c2csc(N3N=C(c4ccc(N5CCOCC5)cc4)CC3c3ccc(Cl)cc3)n2)cc1,6960.0,uM
CHEMBL4516736,N#Cc1ccc(-c2csc(N3N=C(c4ccc(N5CCOCC5)cc4)CC3c3ccc(Cl)cc3)n2)cc1,2280.0,uM
CHEMBL4557318,N#Cc1ccc(-c2csc(N3N=C(c4ccc(N5CCCCC5)cc4)CC3c3ccc(Cl)cc3)n2)cc1,30000.0,uM
CHEMBL4564126,Cc1cnc(-c2cc(Cl)ccc2F)cc1-n1c(=O)n(CC(N)=O)c2cnccc21,5000.0,uM
CHEMBL4549542,CN1CCN(C/C=C/C(=O)N2CCOc3cc4ncnc(Nc5ccc(F)c(Cl)c5)c4cc32)CC1,674.0,uM
CHEMBL2441561,O=C(/C=C/CN1CCOCC1)N1CCOc2cc3ncnc(Nc4ccc(F)c(Cl)c4)c3cc21,996.0,uM
CHEMBL4458843,CC1CCCCN1C/C=C/C(=O)N1CCOc2cc3ncnc(Nc4ccc(F)c(Cl)c4)c3cc21,384.0,uM
CHEMBL4468924,CC1CCN(C/C=C/C(=O)N2CCOc3cc4ncnc(Nc5ccc(F)c(Cl)c5)c4cc32)CC1,337.0,uM
CHEMBL4445017,O=C(/C=C/CN1CCCCC1)N1CCOc2cc3ncnc(Nc4ccc(F)c(Cl)c4)c3cc21,344.0,uM
CHEMBL2441565,CN(C)C/C=C/C(=O)N1CCOc2cc3ncnc(Nc4ccc(F)c(Cl)c4)c3cc21,319.0,uM
CHEMBL4561606,O=C(/C=C/CN1CCCC1)N1CCOc2cc3ncnc(Nc4ccc(F)c(Cl)c4)c3cc21,250.0,uM
CHEMBL4437803,O=C(Nc1cccc(NC(=O)c2ccccn2)c1)NC1CCCCC1,64.0,uM
CHEMBL4582195,O=C(CSC(=S)N1CCCCC1)Nc1cccc(NC(=O)c2ccccn2)c1,104.0,uM
CHEMBL4437943,O=C(CCSC(=S)N1CCN(c2ccccc2)CC1)Nc1cccc(NC(=O)c2ccccn2)c1,54.0,uM
CHEMBL4575118,Cc1ccc(-c2nn(-c3ccccc3)cc2C(=O)NOCc2ccccc2F)cc1,25000.0,uM
CHEMBL4634634,C[C@@H]1C[C@H]1C(=O)N1CCN(c2cnc(C#N)c(-c3cnn(C)c3)n2)C[C@H]1C,100000.0,uM
CHEMBL4643111,CN1CCN(C/C=C/C(=O)N2CCOc3cc4ncnc(Nc5ccc(OCc6cccc(F)c6)c(Cl)c5)c4cc32)CC1,12.0,uM
CHEMBL2441563,O=C(/C=C/CN1CCOCC1)N1CCOc2cc3ncnc(Nc4ccc(OCc5cccc(F)c5)c(Cl)c4)c3cc21,12.0,uM
CHEMBL4635100,O=C(/C=C/CN1CCCC1)N1CCOc2cc3ncnc(Nc4ccc(OCc5cccc(F)c5)c(Cl)c4)c3cc21,4.0,uM
CHEMBL4648271,CCN(CC)C/C=C/C(=O)N1CCOc2cc3ncnc(Nc4ccc(OCc5cccc(F)c5)c(Cl)c4)c3cc21,4.0,uM
CHEMBL458997,CNC(=O)c1ccccc1Nc1nc(Nc2ccc(N3CCOCC3)cc2OC)ncc1Cl,710.0,uM
CHEMBL3651854,Cc1cc(Nc2nc(Nc3ccccc3S(=O)(=O)C(C)C)c3c(C)[nH]nc3n2)c(OC(C)C)cc1C1CCN(C)CC1,7800.0,uM
CHEMBL4780210,Cc1ccc(C2=N/C(=C\c3ccc(Cl)cc3)C(=O)NN2C(=O)c2nc3c(c(C)nn3-c3ccccc3)c(=O)[nH]2)cc1,11211.4,uM
CHEMBL4790553,Cc1nn(-c2ccccc2)c2nc(CC(=O)N3NC(=O)/C(=C\c4ccccc4)N=C3c3ccccc3)[nH]c(=O)c12,872.3,uM
CHEMBL4759405,Cc1ccc(C2=N/C(=C/c3ccc(Cl)cc3)C(=O)NN2C(=O)Cc2nc3c(c(C)nn3-c3ccccc3)c(=O)[nH]2)cc1,633.7,uM
CHEMBL4753913,COc1ccc(/C=C2/N=C(c3ccc(Cl)cc3)N(C(=O)Cc3nc4c(c(C)nn4-c4ccccc4)c(=O)[nH]3)NC2=O)cc1,865.7,uM
CHEMBL4798527,Cc1ccc(NC(=O)c2ccc(C)c(C(F)(F)F)c2)cc1C#Cc1nn([C@H]2CC[C@H](O)CC2)c2ncnc(N)c12,165.0,uM
CHEMBL4799738,Cn1cc(-c2ccc3c(Nc4cccc(NC(=O)Nc5cccc(F)c5)c4)ncnc3c2)cn1,2000.0,uM
CHEMBL5187375,Cc1nn(-c2ccc(F)cc2)c2c(Nc3ccc(F)c(Cl)c3)ncnc12,250.0,uM
CHEMBL5194543,Cc1ccc(-c2c(CN3CCCCC3)nc3scc(C(=O)O)n23)cc1,146.0,uM
CHEMBL5176561,CCC(=O)NNC(=O)c1csc2ncc(-c3ccc(C)cc3)n12,244.0,uM
CHEMBL5204417,CC(=O)NNC(=O)c1csc2ncc(-c3ccc(Br)cc3)n12,108.0,uM
CHEMBL5170804,Cc1ccc(-c2c(CN3CCOCC3)nc3scc(C(=O)NN)n23)cc1,357.0,uM
CHEMBL5173449,COc1ccc(-c2c(CN3CCOCC3)nc3scc(C(=O)NN)n23)cc1,78.0,uM
CHEMBL5204650,NNC(=O)c1csc2nc(CN3CCOCC3)c(-c3ccc(Br)cc3)n12,121.0,uM
CHEMBL1336,CNC(=O)c1cc(Oc2ccc(NC(=O)Nc3ccc(Cl)c(C(F)(F)F)c3)cc2)ccn1,131.0,uM
CHEMBL388978,CN[C@@H]1C[C@H]2O[C@@](C)([C@@H]1OC)n1c3ccccc3c3c4c(c5c6ccccc6n2c5c31)C(=O)NC4,51.0,uM
CHEMBL5206700,FC(F)(F)c1ccc(/C=C/c2nc(CNc3ccccc3)co2)cc1,5300.0,uM
CHEMBL5202630,Fc1ccccc1NCc1coc(/C=C/c2ccc(C(F)(F)F)cc2)n1,5790.0,uM
CHEMBL5182590,Fc1cccc(NCc2coc(/C=C/c3ccc(C(F)(F)F)cc3)n2)c1,8630.0,uM
CHEMBL5193804,Fc1ccc(NCc2coc(/C=C/c3ccc(C(F)(F)F)cc3)n2)cc1,2170.0,uM
CHEMBL5186298,FC(F)(F)c1ccc(/C=C/c2nc(CNc3ccccc3Cl)co2)cc1,2790.0,uM
CHEMBL5183608,FC(F)(F)c1ccc(/C=C/c2nc(CNc3cccc(Cl)c3)co2)cc1,2010.0,uM
CHEMBL5186640,FC(F)(F)c1ccc(/C=C/c2nc(CNc3ccc(Cl)cc3)co2)cc1,1290.0,uM
CHEMBL5187503,FC(F)(F)c1ccc(/C=C/c2nc(CNc3ccccc3Br)co2)cc1,1070.0,uM
CHEMBL5171922,FC(F)(F)c1ccc(/C=C/c2nc(CNc3cccc(Br)c3)co2)cc1,230.0,uM
CHEMBL5189852,FC(F)(F)c1ccc(/C=C/c2nc(CNc3ccc(Br)cc3)co2)cc1,30.0,uM
CHEMBL5207091,Cc1ccccc1NCc1coc(/C=C/c2ccc(C(F)(F)F)cc2)n1,440.0,uM
CHEMBL5189871,Cc1cccc(NCc2coc(/C=C/c3ccc(C(F)(F)F)cc3)n2)c1,860.0,uM
CHEMBL5190408,Cc1ccc(NCc2coc(/C=C/c3ccc(C(F)(F)F)cc3)n2)cc1,1830.0,uM
CHEMBL5174515,COc1ccccc1NCc1coc(/C=C/c2ccc(C(F)(F)F)cc2)n1,3070.0,uM
CHEMBL5192229,COc1cccc(NCc2coc(/C=C/c3ccc(C(F)(F)F)cc3)n2)c1,100000.0,uM
CHEMBL5204707,COc1ccc(NCc2coc(/C=C/c3ccc(C(F)(F)F)cc3)n2)cc1,1840.0,uM
CHEMBL5180660,FC(F)(F)c1ccc(/C=C/c2nc(Cn3ccc4cc(-c5ccccc5)ccc43)co2)cc1,7590.0,uM
CHEMBL5192580,Fc1ccccc1-c1ccc2c(ccn2Cc2coc(/C=C/c3ccc(C(F)(F)F)cc3)n2)c1,12140.0,uM
CHEMBL5179098,Fc1cccc(-c2ccc3c(ccn3Cc3coc(/C=C/c4ccc(C(F)(F)F)cc4)n3)c2)c1,1940.0,uM
CHEMBL5183407,Fc1ccc(-c2ccc3c(ccn3Cc3coc(/C=C/c4ccc(C(F)(F)F)cc4)n3)c2)cc1,5260.0,uM
CHEMBL5169997,FC(F)(F)c1ccc(/C=C/c2nc(Cn3ccc4cc(-c5ccccc5Cl)ccc43)co2)cc1,10230.0,uM
CHEMBL5181577,FC(F)(F)c1ccc(/C=C/c2nc(Cn3ccc4cc(-c5cccc(Cl)c5)ccc43)co2)cc1,2250.0,uM
CHEMBL5180538,FC(F)(F)c1ccc(/C=C/c2nc(Cn3ccc4cc(-c5ccc(Cl)cc5)ccc43)co2)cc1,3580.0,uM
CHEMBL5193640,FC(F)(F)c1ccc(/C=C/c2nc(Cn3ccc4cc(-c5ccccc5Br)ccc43)co2)cc1,9280.0,uM
CHEMBL5196657,FC(F)(F)c1ccc(/C=C/c2nc(Cn3ccc4cc(-c5cccc(Br)c5)ccc43)co2)cc1,250.0,uM
CHEMBL5174439,FC(F)(F)c1ccc(/C=C/c2nc(Cn3ccc4cc(-c5ccc(Br)cc5)ccc43)co2)cc1,4860.0,uM
CHEMBL5183228,Cc1ccccc1-c1ccc2c(ccn2Cc2coc(/C=C/c3ccc(C(F)(F)F)cc3)n2)c1,13340.0,uM
CHEMBL5201807,Cc1cccc(-c2ccc3c(ccn3Cc3coc(/C=C/c4ccc(C(F)(F)F)cc4)n3)c2)c1,820.0,uM
CHEMBL5172914,Cc1ccc(-c2ccc3c(ccn3Cc3coc(/C=C/c4ccc(C(F)(F)F)cc4)n3)c2)cc1,34720.0,uM
CHEMBL5171924,COc1ccccc1-c1ccc2c(ccn2Cc2coc(/C=C/c3ccc(C(F)(F)F)cc3)n2)c1,2210.0,uM
CHEMBL5193926,COc1cccc(-c2ccc3c(ccn3Cc3coc(/C=C/c4ccc(C(F)(F)F)cc4)n3)c2)c1,3250.0,uM
CHEMBL5174917,COc1ccc(-c2ccc3c(ccn3Cc3coc(/C=C/c4ccc(C(F)(F)F)cc4)n3)c2)cc1,1110.0,uM
CHEMBL1614707,FC(F)(F)c1ccc(/C=C/c2nc(COc3ccc(CCCCn4ccnn4)cc3)co2)cc1,350.0,uM
CHEMBL4792279,Cc1nn(-c2ccc(F)cc2)c2ncnc(Nc3ccc(F)c(Cl)c3)c12,254.0,uM
CHEMBL539947,CC(C)(C)c1cc(/C=C(\C#N)C(N)=S)cc(C(C)(C)C)c1O,1000.0,uM
CHEMBL3134157,Cc1cc(CS(=O)(=O)c2ccccc2)cc(OCc2ccc(CN3CCC[C@@H]3CO)cc2)c1,10000.0,uM
CHEMBL5175977,Cc1cc(OCc2ccc(CN3CCC[C@@H]3CO)cc2)cc(CS(=O)(=O)c2ccccc2)c1Br,10000.0,uM
CHEMBL5274267,CC(=O)N1CCC(c2cc3c(N[C@H](C)c4cc(N)cc(C(F)(F)F)c4)nc(C)nc3n(C)c2=O)CC1,10000.0,uM
CHEMBL5277831,Cc1ccc(NC(=O)CSc2nc3cc4ccccc4cc3c(=O)n2-c2ccc(S(N)(=O)=O)cc2)cc1,21.0,uM
CHEMBL5280584,Cc1ccccc1NC(=O)CSc1nc2cc3ccccc3cc2c(=O)n1-c1ccc(S(N)(=O)=O)cc1,21.0,uM
CHEMBL5281270,CCc1cccc(NC(=O)CSc2nc3cc4ccccc4cc3c(=O)n2-c2ccc(S(N)(=O)=O)cc2)c1,42.0,uM
CHEMBL5270336,CN1C(=O)c2ccc(NC(=O)CSc3nc4cc5ccccc5cc4c(=O)n3-c3ccc(S(N)(=O)=O)cc3)cc2C1=O,1320.0,uM
CHEMBL5199520,NS(=O)(=O)c1ccc(CCn2c(SCC(=O)Nc3ccc(Cl)cc3)nc3ccccc3c2=O)cc1,170.0,uM
CHEMBL5286730,Cc1ccc(NC(=O)CSc2nc3cc4ccccc4cc3c(=O)n2-c2ccc(S(N)(=O)=O)cc2)cc1C,5400.0,uM
CHEMBL4531006,N=C1NC(=O)/C(=C2/CCNC(=O)c3[nH]c(Br)c(Br)c32)N1,20990.0,uM
CHEMBL4539558,N=C1NC(=O)/C(=C2/CCNC(=O)c3[nH]cc(Br)c32)N1,18460.0,uM
CHEMBL1095259,N=C1N=C(NCCS(=O)(=O)O)/C(=C/C(O)CNC(=O)c2cc(Br)c(Br)[nH]2)N1,37930.0,uM
CHEMBL4575427,N=C1N=C(NCCS(=O)(=O)O)/C(=C/C(O)CNC(=O)c2cc(Br)c[nH]2)N1,37930.0,uM
CHEMBL4104297,Nc1nccc(Oc2ccc3c(C(=O)Nc4cccc(C(F)(F)F)c4)cccc3c2)n1,500.0,uM
CHEMBL4080062,O=C(Nc1cccc(C(F)(F)F)c1)c1cccc2cc(Oc3cc(CO)ncn3)ccc12,500.0,uM
